timestamp,SOLUSDT_target_return,ETHUSDT_target_return,BTCUSDT_target_return,ADAUSDT_target_return,BNBUSDT_target_return
2025-05-18 04:00:00,-0.0062957364,0.0070109405,-0.0023133385,-0.023234447,0.0009053742
2025-05-18 05:00:00,-0.0074715437,0.008049525,3.405576e-05,-0.026307466,0.0010158478
2025-05-18 06:00:00,-0.008901204,0.009418413,-6.307807e-05,0.0021829142,0.00079388765
2025-05-18 07:00:00,-0.012419419,0.005431477,-6.875285e-06,-0.0011128203,0.00080969546
2025-05-18 08:00:00,-0.01615192,-0.00046936423,-0.004361759,-0.0026609132,0.0011793401
2025-05-18 09:00:00,-0.01852335,-0.002797678,-0.0007181433,0.003598476,0.00069457793
2025-05-18 10:00:00,-0.01903939,-0.005149778,-0.00037077797,-0.00082089164,0.00045683846
2025-05-18 11:00:00,-0.019407984,-0.008527938,-0.0077464557,0.0029456003,0.00095715025
2025-05-18 12:00:00,-0.024557766,-0.009549752,-0.001864914,-0.0052292417,0.00042429194
2025-05-18 13:00:00,-0.02041253,-0.0066643544,-0.00036439623,0.011841146,0.00031198433
2025-05-18 14:00:00,-0.01943656,-0.0010700747,-0.00025796125,0.021008935,0.00014437607
2025-05-18 15:00:00,-0.013137643,-0.0030708686,-0.000292271,-0.0026858186,-0.00040474453
2025-05-18 16:00:00,-0.0072331247,-0.0030195415,-3.5252568e-05,-0.001855674,-0.00013559591
2025-05-18 17:00:00,-0.0064105988,-0.009239119,-0.000391951,-0.017010314,-0.0006058413
2025-05-18 18:00:00,0.0021519344,-0.014469963,-0.0017615933,-0.008714098,-0.00028009608
2025-05-18 19:00:00,-0.005325568,-0.017881729,-0.00051632937,0.0015386117,-0.00033792376
2025-05-18 20:00:00,-0.0011263333,-0.01920925,0.00039162286,0.0056272536,0.000627204
2025-05-18 21:00:00,0.018674029,-0.0035838,0.0016821654,0.01384471,0.0006589335
2025-05-18 22:00:00,-0.003478094,-0.008291587,0.00084075227,-0.0075554377,-0.00053029123
2025-05-18 23:00:00,-0.024215335,-0.0017067865,0.0009478639,0.011686499,-1.2006378e-05
2025-05-19 00:00:00,-0.0552729,0.005134467,0.00030810523,0.013418892,-0.0010771555
2025-05-19 01:00:00,0.027135352,0.0099239275,0.00023366799,0.012817476,-0.0019150825
2025-05-19 02:00:00,-0.0020329999,0.0030807294,-0.00040688214,-0.0044906265,-0.0052181045
2025-05-19 03:00:00,-0.008494078,0.009085953,-0.00036304063,0.0073960745,-0.0069754617
2025-05-19 04:00:00,0.0076042507,0.0109687485,0.00013343059,0.011178993,-0.0005439075
2025-05-19 05:00:00,-0.011413313,0.012143474,-0.00013420513,0.005982615,-0.00037653337
2025-05-19 06:00:00,-0.011476544,0.0019947886,-0.0002226744,-0.0030638867,-0.0006017297
2025-05-19 07:00:00,-0.0071068117,0.00994787,0.00033619828,0.00015690626,0.00018468697
2025-05-19 08:00:00,-0.0071480284,0.0005438328,-0.00022944459,-0.0030813671,0.0010287635
2025-05-19 09:00:00,-0.009497813,0.0052685216,-0.0004760352,0.005640075,-0.00054669357
2025-05-19 10:00:00,0.00055150816,0.0026979595,-0.0002732443,0.00464291,0.000975761
2025-05-19 11:00:00,-0.012985498,0.005345043,-0.00068242906,-9.09536e-05,-0.0005630866
2025-05-19 12:00:00,-0.0014149063,0.003831938,-0.0005090856,-0.003836035,-0.00052298733
2025-05-19 13:00:00,-0.0046658684,0.005862724,-0.00079099427,-0.0082401605,-0.00023078092
2025-05-19 14:00:00,-0.008878866,-0.0008151084,-0.0007878655,-0.006362517,0.00045193092
2025-05-19 15:00:00,-0.0057957643,0.002576191,-0.0005228208,0.0018891378,-0.00040726305
2025-05-19 16:00:00,0.0030736746,-1.2367964e-05,-3.935484e-05,0.0042437087,-0.00034321495
2025-05-19 17:00:00,-0.008109959,-0.00037126988,-0.00074231485,0.004765172,-0.00029416825
2025-05-19 18:00:00,-0.0023301723,0.0031080432,-0.00019274387,0.006104916,0.00061870215
2025-05-19 19:00:00,-0.0044715675,0.0014210306,-0.0003565454,0.0003818919,0.0017593751
2025-05-19 20:00:00,-0.0055419365,0.0026749633,-0.0008920585,-0.0026267606,0.0010218106
2025-05-19 21:00:00,-0.0006088939,0.007835366,0.0006861605,0.016498951,0.0010644525
2025-05-19 22:00:00,-0.0033435337,0.0022474602,0.00061994686,0.005368315,0.0013190014
2025-05-19 23:00:00,-0.00316271,0.004528336,0.00016245755,0.004136192,0.0023737242
2025-05-20 00:00:00,-0.002868977,0.004835829,-0.0001433471,-0.002393847,0.0015904733
2025-05-20 01:00:00,0.0013883122,0.0010748096,0.00010072376,-0.031549633,0.0008138277
2025-05-20 02:00:00,0.0013808933,0.0035184398,-0.0001232218,-0.007659416,0.0003673915
2025-05-20 03:00:00,0.0011849044,0.001288794,-2.3951754e-05,-0.0024820247,-0.0008436019
2025-05-20 04:00:00,0.0019408247,0.0013981462,-1.0397431e-05,0.0079892725,-0.00015573332
2025-05-20 05:00:00,0.0024612304,0.0030576661,-0.00075538293,0.010678796,-0.00093621376
2025-05-20 06:00:00,0.0010107266,-0.0006128624,0.00013898363,0.0030514693,-0.00063654606
2025-05-20 07:00:00,0.00026732625,0.0033994466,0.00012578492,0.0010981739,-0.00087836536
2025-05-20 08:00:00,-0.0014580096,0.0024458766,-0.00018623067,0.01027767,-0.0025702682
2025-05-20 09:00:00,-0.0026046736,-0.0024287663,-0.00025218105,0.0016872978,-0.002435572
2025-05-20 10:00:00,-0.0035855784,-0.00447423,0.00013835859,-0.008692632,-0.0024028812
2025-05-20 11:00:00,-0.0026250258,0.0029920414,0.00026254993,0.0038670173,-0.0013213243
2025-05-20 12:00:00,-0.0029685218,-0.004758306,-0.00027066015,-0.011660212,-0.0018982146
2025-05-20 13:00:00,-0.0019006795,-0.0037675723,-0.0002178528,0.012181789,-0.0017686408
2025-05-20 14:00:00,-0.00095293496,-0.00076600164,-0.00018532667,0.0002278167,-0.001276129
2025-05-20 15:00:00,-0.00071962376,-0.0112147555,-0.00025303112,-0.004318367,-0.0018582741
2025-05-20 16:00:00,-0.0008644565,-0.003263764,-8.048143e-05,0.017250046,-0.0010449422
2025-05-20 17:00:00,0.0008879093,0.0024685934,-0.00013607569,-0.0131446775,-0.0012072885
2025-05-20 18:00:00,-0.0024124118,-0.0023329258,-0.0002871545,0.004982373,-0.0005453484
2025-05-20 19:00:00,0.002008821,0.00899642,-9.3462615e-05,-0.0007329282,-0.0008909729
2025-05-20 20:00:00,0.0012798103,-0.0069212243,-0.00029053175,0.041762777,0.00026692764
2025-05-20 21:00:00,0.00037535175,0.013032317,-0.0001769597,0.037935242,-0.0013962021
2025-05-20 22:00:00,0.0048042256,0.010696866,0.0004218522,0.008844265,-0.00052881683
2025-05-20 23:00:00,0.0002588007,0.0036710612,-0.0006816928,-0.020523436,-0.0003696779
2025-05-21 00:00:00,0.0010778458,0.004544474,-0.00043599718,-0.03701673,-0.0004887623
2025-05-21 01:00:00,0.0012085418,0.0063401535,-0.00037970222,-0.017068686,-0.0005885876
2025-05-21 02:00:00,0.00095644675,0.0028909817,-0.00031453653,-0.041260313,-0.0009642396
2025-05-21 03:00:00,0.00028726703,0.0030061528,-0.00049712113,-0.031651296,-0.00088850025
2025-05-21 04:00:00,0.0002199515,0.0044755414,-0.00032905786,-0.048636924,-0.0008109278
2025-05-21 05:00:00,0.0008189272,0.003668256,-0.00017243196,-0.038004156,-0.0015636432
2025-05-21 06:00:00,0.00093769643,0.0033073053,-0.00027390572,-0.03932513,-0.0013652066
2025-05-21 07:00:00,0.0018357116,0.00050216913,-0.00030361288,-0.033392742,-0.0017457433
2025-05-21 08:00:00,0.0008753621,0.002044063,4.2343017e-05,-0.009918662,-0.0018393582
2025-05-21 09:00:00,-0.0002763496,-0.002149284,-0.00067811704,-0.037918095,-0.0015739376
2025-05-21 10:00:00,-0.002839516,-0.00097132474,-0.0005134824,-0.017948627,-0.0023848237
2025-05-21 11:00:00,-0.0022658873,-0.00043017417,-2.8831186e-05,-0.015567141,-0.0013857816
2025-05-21 12:00:00,-0.0018876606,0.001125522,-0.00013029316,-0.0038320979,-0.0019640224
2025-05-21 13:00:00,-0.0010794845,0.0014469773,-0.00014169447,-0.016929466,-0.0016341332
2025-05-21 14:00:00,-0.00083725166,0.0015376061,-0.00040051097,-0.0057315654,-0.0010081703
2025-05-21 15:00:00,0.00028856786,0.0042495914,-0.00039788245,-0.0022535266,-0.0015029692
2025-05-21 16:00:00,0.0012686033,0.0060861334,0.00018155712,0.01608481,-0.0014496424
2025-05-21 17:00:00,0.0002258214,0.00628867,-0.00039765312,-0.02542345,-0.00086638646
2025-05-21 18:00:00,-0.0015478489,-0.0075609274,0.00046967863,0.0076662065,-0.0044193743
2025-05-21 19:00:00,0.0020630285,-0.023806788,-0.00046325484,0.013880974,-0.0025534625
2025-05-21 20:00:00,-0.003912025,-0.008415535,-0.00048683528,0.041616574,-0.002725123
2025-05-21 21:00:00,0.018503584,0.004400488,0.0032010048,0.04089172,-0.00039597356
2025-05-21 22:00:00,-0.0043703066,0.0026068091,-2.6001799e-05,-0.023354877,-7.922028e-05
2025-05-21 23:00:00,-6.998808e-05,0.009716675,-0.00083619007,0.013546299,-0.0008695839
2025-05-22 00:00:00,0.025750771,0.007870622,-6.5734203e-06,0.011273009,-0.0020211143
2025-05-22 01:00:00,0.009489079,0.0022541545,-0.00042139532,-0.0065874695,-0.00074594945
2025-05-22 02:00:00,0.02250674,-0.00048669428,-0.00050173595,-0.013255864,-0.0016294272
2025-05-22 03:00:00,0.015724476,0.0016430393,-0.0005373438,-0.0012698031,-0.0007804675
2025-05-22 04:00:00,0.004849749,0.0026987717,-0.00040835483,-0.00229568,-0.0016731197
2025-05-22 05:00:00,0.015314865,0.00040767342,0.00088014756,0.0023985878,-0.0011862378
2025-05-22 06:00:00,0.008997863,0.0031466223,-9.1266906e-05,0.00585831,-0.000735283
2025-05-22 07:00:00,0.009458893,0.001116477,-0.000752292,0.0053761173,-0.0012116361
2025-05-22 08:00:00,0.0010996204,0.0020093396,-0.00033260792,0.0011674978,-0.0025815596
2025-05-22 09:00:00,0.0027598953,0.0024068654,0.00023257514,-1.3381883e-05,-0.0024648998
2025-05-22 10:00:00,0.00649523,0.0031699166,-0.00026388853,-0.008404151,-0.0018019195
2025-05-22 11:00:00,0.005794597,0.0015941113,-0.0003056671,0.0032213435,-0.0023903316
2025-05-22 12:00:00,0.008587728,0.0027479343,-0.00054388226,-0.006488209,-0.0018197129
2025-05-22 13:00:00,0.005118962,0.0041908696,-0.0003582317,0.0012941475,-0.0032968041
2025-05-22 14:00:00,0.0012095709,0.003531307,0.0002559245,-0.00026912865,-0.0021584565
2025-05-22 15:00:00,0.0006246724,0.0037704334,-0.00058034575,-0.0016406642,-0.0027836296
2025-05-22 16:00:00,-0.0009869105,0.0028225556,-0.00046693117,0.01043745,-0.0037513347
2025-05-22 17:00:00,0.0012441286,0.00039013475,3.1731615e-06,0.0031507483,-0.0029661385
2025-05-22 18:00:00,-0.0021049464,0.003466621,-0.0004353611,0.014315583,-0.0028824382
2025-05-22 19:00:00,0.0014911637,0.00019274652,-0.0007313581,0.012441378,-0.0036303326
2025-05-22 20:00:00,-0.0019855155,-0.0005478412,-0.00022874647,0.01335308,-0.002622075
2025-05-22 21:00:00,-0.008843773,-0.0050069876,-0.0006236341,0.012595024,-0.0022985297
2025-05-22 22:00:00,-0.0032485304,-0.005475253,-0.00057880895,0.008376541,-0.0029473067
2025-05-22 23:00:00,0.0061078565,-0.0030925088,-2.470595e-06,-0.00088555895,-0.0015658188
2025-05-23 00:00:00,0.008401652,-0.0021110997,-0.00062217726,0.0014698508,-0.0017772109
2025-05-23 01:00:00,0.023175452,0.00052074343,-0.00042074666,-0.0030060688,-0.0010712115
2025-05-23 02:00:00,0.029723417,0.0031410456,-0.00062323257,-0.006203159,-0.00047620048
2025-05-23 03:00:00,0.02125391,0.0003915578,-0.0010365618,-0.0062700897,-0.0013521822
2025-05-23 04:00:00,0.019828783,0.00078581274,-0.0009730923,-0.008417569,-0.0015973995
2025-05-23 05:00:00,0.0026719188,-0.0036527738,-0.00070305116,-0.0010934004,-0.0013886058
2025-05-23 06:00:00,0.003763401,-0.0065531805,-0.0013304556,-0.011886448,-0.0010221816
2025-05-23 07:00:00,-0.0039311694,-0.00918372,-0.0010972343,0.002494829,-0.0014069759
2025-05-23 08:00:00,0.0070005963,-0.009361066,-0.0007524778,-0.0059726364,-0.00041773857
2025-05-23 09:00:00,-0.017057126,0.00081562996,-0.00066389504,5.492411e-05,-0.0011592432
2025-05-23 10:00:00,-0.007222195,0.0032642111,-0.00048569622,-0.0013403611,-0.0012641988
2025-05-23 11:00:00,-0.012024417,-0.0023011006,-0.0005843438,-0.015029369,-0.0015300383
2025-05-23 12:00:00,-0.015672544,-0.0038546473,2.5684567e-05,0.0020753967,0.00388637
2025-05-23 13:00:00,-0.009996707,-0.031331457,-0.0018821133,0.012812909,-0.0016003117
2025-05-23 14:00:00,0.00476883,-0.020621441,0.00096617977,0.025570283,0.00059737253
2025-05-23 15:00:00,0.006215061,0.005158089,0.0021292304,-0.003932292,0.0004866238
2025-05-23 16:00:00,-0.0139417425,-0.002242297,0.0011395904,-0.02433424,0.0010633139
2025-05-23 17:00:00,-0.0376538,-0.014901202,-0.00037685814,-0.004876465,-0.0002091045
2025-05-23 18:00:00,0.0045351842,-0.009517834,0.00021005303,0.0019040222,-0.0005032945
2025-05-23 19:00:00,0.019574486,0.0023285076,0.00068863004,-0.0036797614,-0.0003631768
2025-05-23 20:00:00,-0.010918519,-0.0075893104,0.00030362778,0.0059508984,-0.00027466717
2025-05-23 21:00:00,0.018908862,0.00015153736,0.00044923244,0.008686816,-0.0003975859
2025-05-23 22:00:00,0.00068391755,-0.0060078725,0.0005949567,-0.0016989091,-0.00038901262
2025-05-23 23:00:00,0.0006792069,-0.005253721,0.00070483645,0.0075904843,-0.00035030989
2025-05-24 00:00:00,0.0007888273,-0.00041682646,0.0007625128,-0.004114361,5.286734e-05
2025-05-24 01:00:00,-0.019506726,-0.001324743,0.0002657793,-0.012617588,0.0010674592
2025-05-24 02:00:00,-0.018209454,0.00014187023,-0.00014630545,-0.016608847,0.001148564
2025-05-24 03:00:00,-0.0116314525,0.0016737729,-0.00014158167,-0.024522109,0.00115628
2025-05-24 04:00:00,-0.016947351,-6.377697e-05,-0.0002849538,-0.020029174,0.00078403216
2025-05-24 05:00:00,-0.01662914,0.0034289807,-0.0005850692,-0.010957703,0.00043793034
2025-05-24 06:00:00,-0.012023744,0.00581374,-0.0007230479,-0.012377232,0.0003952221
2025-05-24 07:00:00,-0.012825736,0.0028846413,-0.0008642428,-0.020984478,0.00033095793
2025-05-24 08:00:00,-0.012145597,0.0032165088,-0.0008319634,-0.020417208,0.00016079447
2025-05-24 09:00:00,-0.008607702,0.0032692105,-0.0007387045,-0.02006714,0.00024572143
2025-05-24 10:00:00,-0.008933105,0.00403459,-0.00058312877,-0.01667106,0.00014406815
2025-05-24 11:00:00,-0.008328891,0.0043259747,-0.000415861,-0.034620024,-2.7293456e-05
2025-05-24 12:00:00,-0.0035291514,0.0071735084,-0.00020597418,-0.022269694,-0.00083520834
2025-05-24 13:00:00,-0.004715923,0.004075002,-0.00026371257,-0.020496272,-0.0008559731
2025-05-24 14:00:00,-0.0058848644,0.001445394,-0.0005114797,-0.02880489,-0.0024190447
2025-05-24 15:00:00,-0.0038266112,-0.0011798143,-0.0004593921,-0.018142527,-0.00095568143
2025-05-24 16:00:00,-0.0034556212,0.0033541322,-0.00062214874,-0.012884244,-0.0005154611
2025-05-24 17:00:00,0.0018811374,0.0015652031,0.0099638635,-0.0010768415,0.00043740112
2025-05-24 18:00:00,0.002841977,0.002355747,-0.0024633051,-0.0135532785,0.00036417192
2025-05-24 19:00:00,0.005633482,0.0018022619,-0.0013780523,-0.0069379513,0.0003227048
2025-05-24 20:00:00,0.004357055,-0.00020484626,-0.0014058702,-0.02198093,0.0008167123
2025-05-24 21:00:00,0.0039558387,0.0015980415,-0.0017670783,-0.009973118,-4.4621993e-05
2025-05-24 22:00:00,0.0054427567,0.0010006465,-0.0007626564,-0.008375149,0.00031876762
2025-05-24 23:00:00,0.0031549786,-0.0012340285,-0.00072336453,-0.015338998,0.00046137383
2025-05-25 00:00:00,0.0020833574,-0.0043473467,-0.0005269591,0.002697806,0.0005700683
2025-05-25 01:00:00,-0.00034869288,0.007820535,-0.00040977553,-0.03035909,0.0011593958
2025-05-25 02:00:00,-0.0039741634,0.0011831075,-0.00037684565,-0.026676664,0.0020496836
2025-05-25 03:00:00,-0.006153821,0.005054243,-0.0002513107,-0.04547946,0.001248791
2025-05-25 04:00:00,-0.005595629,0.0060644224,-0.00019310729,-0.021421446,0.0009525757
2025-05-25 05:00:00,-0.011376933,0.00584824,-0.00028543512,-0.026776806,0.00084033905
2025-05-25 06:00:00,-0.012041842,0.006326996,-0.00034435533,-0.02290043,0.0007792775
2025-05-25 07:00:00,-0.012192392,0.0062491037,-0.0003385223,-0.01978016,0.0009829752
2025-05-25 08:00:00,-0.012304666,0.0063935183,-0.00034222624,-0.008159913,0.0010750922
2025-05-25 09:00:00,-0.012454891,0.0045326166,-0.0001981908,0.0038355312,0.00083529484
2025-05-25 10:00:00,-0.01806166,-0.000596907,-0.00014263908,-0.016460737,0.0011839368
2025-05-25 11:00:00,-0.008281291,0.0054037236,-1.0580086e-05,-0.006621024,0.00094916864
2025-05-25 12:00:00,-0.01340117,0.002361875,-5.2632036e-05,-0.019304888,0.0008974004
2025-05-25 13:00:00,-0.017384306,0.0059733354,-0.00013191927,-0.021662608,0.00061616366
2025-05-25 14:00:00,-0.012372636,0.01184405,-0.0002256409,0.0055815005,0.00024228066
2025-05-25 15:00:00,-0.013894973,0.0098752715,-0.00024217456,-0.0032551137,0.00020130177
2025-05-25 16:00:00,-0.017494628,0.0048149005,-0.00022594615,-0.009754034,-0.00012650492
2025-05-25 17:00:00,-0.0134807965,0.006802764,-0.00019403193,-0.0054773116,0.00027340802
2025-05-25 18:00:00,-0.011241448,0.0046666972,-5.9067475e-05,0.0017815868,0.00021607208
2025-05-25 19:00:00,-0.011955407,0.0070924237,-9.138486e-06,-0.0053453385,0.00017382938
2025-05-25 20:00:00,-0.014536009,0.0061377287,-8.806384e-05,-0.01748343,0.00019240705
2025-05-25 21:00:00,-0.012707329,0.008215748,-0.00019776402,-0.008394657,-0.00015234447
2025-05-25 22:00:00,-0.014648768,0.004998874,-0.0003214602,-0.014789435,-4.8364862e-05
2025-05-25 23:00:00,-0.014376028,0.005872287,-0.0012544129,-0.016242756,0.00045485352
2025-05-26 00:00:00,0.0016750077,0.005972475,0.0042197187,-0.02304511,-0.00023257302
2025-05-26 01:00:00,-0.008286434,0.000844799,0.0050250143,-0.020367356,0.0004611538
2025-05-26 02:00:00,-0.0008086647,0.0015521869,0.0015010595,-0.003968743,0.0001522816
2025-05-26 03:00:00,-1.587451e-05,-0.0019450858,0.00034219454,-0.010334961,0.00014741125
2025-05-26 04:00:00,-0.0005622987,0.00035553426,-0.0005710642,-0.014527546,-6.646372e-05
2025-05-26 05:00:00,-0.0012686556,-0.00140246,0.00044253017,-0.015459582,-0.001060244
2025-05-26 06:00:00,-0.0014754111,-0.0009534918,0.00037759347,-0.0021452715,-0.0007743869
2025-05-26 07:00:00,-0.0008697688,-0.0006826073,-0.00016385797,-0.02070193,-0.0016657565
2025-05-26 08:00:00,-0.00032176042,-0.0011580251,0.0002844388,-0.012539567,-0.0018524538
2025-05-26 09:00:00,-0.0008788082,0.000520654,0.00044437658,-0.01707645,-0.0022929143
2025-05-26 10:00:00,-0.001931477,0.00073914975,-0.00018046985,-0.021528445,-0.0026467037
2025-05-26 11:00:00,-0.0029978561,0.0009766296,0.00013098019,-0.018484803,-0.0036099884
2025-05-26 12:00:00,-0.003566157,0.0010961145,0.00040944866,-0.012470683,-0.0030963277
2025-05-26 13:00:00,-0.003271841,0.002424404,0.0005461464,-0.014138907,-0.0030555716
2025-05-26 14:00:00,-0.0024884641,0.0022392944,0.00066965213,-0.020958379,-0.003381689
2025-05-26 15:00:00,-0.0025139092,0.00017851964,-0.00010376959,-0.027123062,-0.0032905582
2025-05-26 16:00:00,-0.0033963504,0.0030030385,-0.00017005429,-0.010822741,-0.0039907396
2025-05-26 17:00:00,-0.0011846867,-0.00022640079,0.0010659384,0.023048,-0.002484919
2025-05-26 18:00:00,-0.00039647857,0.0007451661,7.399806e-05,-0.020674301,-0.0024040532
2025-05-26 19:00:00,-0.0007425031,-0.005157292,-0.00044420702,0.017019518,-0.004434308
2025-05-26 20:00:00,0.0009390669,-0.0029952787,0.000377665,0.02555845,-0.0022383393
2025-05-26 21:00:00,9.797362e-05,-0.001627963,2.4146226e-05,-0.015793627,-0.0013034762
2025-05-26 22:00:00,0.0014871036,0.00076112524,-8.866214e-05,0.019615894,-0.00078262726
2025-05-26 23:00:00,0.0009955819,-0.0026392117,-4.0133455e-05,-0.00657767,-0.00081515673
2025-05-27 00:00:00,0.0005640484,-0.0013096109,-0.00028414594,-0.0063507366,-0.0012797277
2025-05-27 01:00:00,0.0006708697,0.0070086345,-0.0001660347,-0.016686214,-3.8390397e-05
2025-05-27 02:00:00,-0.0002527096,0.005529389,-0.00018229718,-0.01748181,-0.00019397878
2025-05-27 03:00:00,-0.001959769,-0.0004997626,-0.00064553146,-0.023145294,-0.0011291081
2025-05-27 04:00:00,-0.0037179086,0.0038344301,-0.00029105184,-0.01184414,-0.0010564175
2025-05-27 05:00:00,-0.0025887038,0.0035679452,-9.257268e-05,-0.0103750285,-0.000109069864
2025-05-27 06:00:00,-0.0045384476,0.0016387329,-0.00034018105,-0.034237765,-0.0007367545
2025-05-27 07:00:00,-0.006852934,0.0061009824,-0.00051470345,-0.008459484,-0.0008607913
2025-05-27 08:00:00,-0.008433043,0.0089320205,-0.00057609985,-0.051753685,-0.0010349
2025-05-27 09:00:00,-0.008676673,0.0108156875,-0.00038479213,-0.014113823,-0.0018735634
2025-05-27 10:00:00,-0.007867104,0.0064677596,-0.0004510536,-0.033110928,-0.0017840922
2025-05-27 11:00:00,-0.0060271444,0.00493069,-0.00076886406,-0.024165379,-0.0025767712
2025-05-27 12:00:00,-0.007943511,0.0037567243,-0.000938563,-0.037968095,-0.0027740337
2025-05-27 13:00:00,-0.005547111,0.0015488043,-0.00059095066,-0.028664684,-0.0029386654
2025-05-27 14:00:00,-0.0029118336,0.003424473,-0.0005795,-0.021100966,-0.0022684569
2025-05-27 15:00:00,-0.002036863,0.0011361167,-0.0002988108,-0.010971477,-0.0031395177
2025-05-27 16:00:00,0.0009353155,0.00224505,-0.00047448179,-0.024579277,-0.0026277788
2025-05-27 17:00:00,-0.00090829434,0.0040528923,-5.826325e-05,-0.00074235135,-0.0033656787
2025-05-27 18:00:00,0.0019137923,0.0013597235,-0.0003793202,-0.014158914,-0.0023821886
2025-05-27 19:00:00,0.0034855595,0.0029163733,-0.0003894076,0.0013037606,-0.0033439691
2025-05-27 20:00:00,0.0057434896,0.00019273162,-0.0006121986,-0.017563256,-0.002302411
2025-05-27 21:00:00,0.0023237402,0.00018258393,-0.00026170546,-0.008811897,-0.003421226
2025-05-27 22:00:00,-0.001420715,7.178262e-05,0.00012213204,0.011255998,-0.0016301771
2025-05-27 23:00:00,-0.00088492606,-0.000997372,-0.0001959918,-0.013762569,-0.0024778391
2025-05-28 00:00:00,0.00088209554,0.00018806756,8.322773e-05,0.023175506,-0.002142646
2025-05-28 01:00:00,-7.396529e-05,-0.00020886958,-0.00012382766,-0.029079335,-0.00064578245
2025-05-28 02:00:00,-0.0012649387,0.0018443763,-0.0001379681,-0.009498136,-0.00023532135
2025-05-28 03:00:00,-0.0010802505,-0.0006179139,-0.000249169,-0.024542356,-0.0006933174
2025-05-28 04:00:00,0.0009821694,-0.0008495152,-0.00028450225,-0.010015948,-0.0012604863
2025-05-28 05:00:00,0.00061969424,0.00012549013,-0.00021726807,-0.011725096,-0.00066079816
2025-05-28 06:00:00,0.00043763116,-0.0013225824,-0.00017353786,-0.020518111,-0.0007412062
2025-05-28 07:00:00,-0.0030297758,-0.0038200095,-0.00026373006,-0.007895695,-0.00081347406
2025-05-28 08:00:00,-0.0009422834,-0.003410235,-0.00038634415,-0.014829358,-0.0003367113
2025-05-28 09:00:00,-0.0063553317,-0.0023977384,-0.00026211858,-0.014470136,-0.000655054
2025-05-28 10:00:00,-0.009595943,-0.001938343,-0.0001662212,-0.009239392,2.684968e-05
2025-05-28 11:00:00,-0.009932353,-0.00047072768,-0.00029553784,-0.023171408,0.0001524248
2025-05-28 12:00:00,-0.00902925,0.0051362887,-0.0002616812,-0.014234854,-0.00019288517
2025-05-28 13:00:00,-0.0042280564,0.004495941,-0.00016310168,-0.015825262,-0.0002488545
2025-05-28 14:00:00,-0.0031534042,0.0015818998,-0.00023751939,-0.0011744739,-1.538673e-05
2025-05-28 15:00:00,-0.0012480348,-0.0058094114,-0.0003720411,-0.010965204,0.00019590545
2025-05-28 16:00:00,-0.0030356403,-0.010498129,-0.0003496245,0.0029997064,-0.00020977296
2025-05-28 17:00:00,-0.0020798948,-0.008809343,1.1354801e-05,0.01132529,0.00016748614
2025-05-28 18:00:00,0.00011782523,-0.0033181831,5.2280026e-05,0.015031697,-0.00023381202
2025-05-28 19:00:00,-0.00090930064,-0.0022516958,-4.6754838e-05,0.01095256,-0.00015172397
2025-05-28 20:00:00,-0.0028743148,-0.008557551,-0.00023973954,0.012314508,-0.00036580104
2025-05-28 21:00:00,-0.003820159,-0.010274135,-0.00013675989,0.0110561345,-1.7167884e-05
2025-05-28 22:00:00,0.0017562326,-0.00057150796,4.6244968e-05,0.004672956,-0.0002962487
2025-05-28 23:00:00,4.7058566e-06,-0.00153891,0.00020427266,-0.045004882,-0.0003217489
2025-05-29 00:00:00,-0.0018023296,-0.0006843284,-0.00016214646,-0.0480159,-0.00048765366
2025-05-29 01:00:00,0.0005379204,0.008510251,-0.0001471315,-0.054039992,0.00033387414
2025-05-29 02:00:00,0.0010420753,0.0042742565,-0.00013502527,-0.060724005,0.00043520879
2025-05-29 03:00:00,0.0018568935,0.003360927,-0.00027040252,-0.036406152,0.0005980623
2025-05-29 04:00:00,0.0016037287,0.0024115331,-0.0004310736,-0.024548823,-0.00060194
2025-05-29 05:00:00,0.0020033922,-0.0028254539,-0.00028759002,-0.021871017,0.0008242917
2025-05-29 06:00:00,0.0003606287,-0.0031135827,-0.0004737583,-0.01887138,0.0005240584
2025-05-29 07:00:00,-0.00026552856,-0.0007705912,-0.00034089293,-0.04100658,2.2786437e-05
2025-05-29 08:00:00,6.207905e-05,-0.0005073473,-0.00022076015,-0.03331674,-0.00010375888
2025-05-29 09:00:00,-0.0001611897,-0.00049190223,-0.0003569578,-0.039647996,-6.1006634e-05
2025-05-29 10:00:00,0.00042472,0.002134867,-0.00035106385,-0.01911618,-0.00042604818
2025-05-29 11:00:00,0.00094074255,0.002040036,-0.00035736157,-0.023691574,-0.00071407773
2025-05-29 12:00:00,0.0010539162,0.0024728365,-0.0003564312,-0.016591761,-0.0006392648
2025-05-29 13:00:00,0.00051191694,0.0029263943,-0.00033308935,-0.014412859,-0.0004459431
2025-05-29 14:00:00,0.00077488634,0.0036265813,-0.00031634918,-0.016801294,7.180113e-05
2025-05-29 15:00:00,-0.0001510639,-0.00015097111,-0.00040757656,-0.012469776,0.00013202161
2025-05-29 16:00:00,0.0008493982,0.0030006394,-4.7558337e-05,0.0040774853,-0.00016085221
2025-05-29 17:00:00,0.0006281956,0.0033431016,0.00014045491,-0.00040138297,0.00023529225
2025-05-29 18:00:00,-0.00057234254,-0.00019029155,-0.00021543933,0.0012281074,-0.00019203813
2025-05-29 19:00:00,0.0012835165,0.0022376217,0.00013719403,0.01844732,-4.659267e-05
2025-05-29 20:00:00,-0.0011116626,-0.003439419,0.00019684757,0.007995274,-9.558047e-06
2025-05-29 21:00:00,-0.0022405297,-0.006389469,0.00015990325,0.007597473,-0.00013851258
2025-05-29 22:00:00,-0.0014529777,-0.0010141209,0.00026564716,0.012633188,-1.744728e-05
2025-05-29 23:00:00,-0.0011961219,-0.0006031841,0.00020516603,0.0057387115,-0.00030055258
2025-05-30 00:00:00,-0.007940819,-0.007883966,0.00028601414,-0.019135242,-0.00040590775
2025-05-30 01:00:00,-0.0019610892,0.00865585,0.00047794482,-0.015593575,0.0010424546
2025-05-30 02:00:00,-0.007117212,-0.004667543,0.00014748593,-0.014706131,0.0011160471
2025-05-30 03:00:00,-0.0018692169,0.0014923774,3.643689e-05,0.0076906323,0.0006194742
2025-05-30 04:00:00,-0.00025034044,0.002003204,-7.3648145e-05,-0.011353243,0.0012735783
2025-05-30 05:00:00,-0.0038197758,0.0020057745,-0.00046546708,-0.015891617,0.0006427105
2025-05-30 06:00:00,-0.002107732,0.004102174,-0.0004671241,-0.0057815644,0.0005405736
2025-05-30 07:00:00,-0.0006601844,0.0063795857,-0.00047624225,0.0024971573,0.00038138137
2025-05-30 08:00:00,-0.002376414,0.0010744408,-0.0003863373,-0.002518798,0.00081319816
2025-05-30 09:00:00,-0.004454808,0.0020791925,-0.00035576161,0.0022036491,0.0008746574
2025-05-30 10:00:00,-0.0017226936,0.0030905604,-0.00022235046,0.006212016,0.0007955594
2025-05-30 11:00:00,-0.004578754,0.0012967102,-0.00021698602,-0.005465686,0.00048614148
2025-05-30 12:00:00,-0.0046910318,0.0052061416,-0.0003667855,-0.015481649,-9.9863275e-05
2025-05-30 13:00:00,-0.0034972625,0.004109632,-0.00035995746,-0.025061509,0.00014423742
2025-05-30 14:00:00,-0.0046879444,0.0053103715,-0.00075350516,-0.04100682,3.5501434e-05
2025-05-30 15:00:00,-0.00759767,-0.0012961254,-0.0023574657,-0.023964873,-0.00013643585
2025-05-30 16:00:00,-0.003689752,0.003461726,-0.0010841663,-0.037081867,-1.21587655e-05
2025-05-30 17:00:00,-0.0004912546,0.0061907284,-0.0013049595,-0.0415365,0.0008328352
2025-05-30 18:00:00,-0.017484099,-0.007795632,0.011866029,-0.012557454,4.2107073e-05
2025-05-30 19:00:00,-0.004072318,0.0002464056,0.017868154,-0.0155344345,0.00058050524
2025-05-30 20:00:00,0.0014422516,0.006791007,0.003742107,-0.034462072,0.0002214131
2025-05-30 21:00:00,-0.010696862,0.003839191,-0.0012655618,-0.029687487,-0.0002266838
2025-05-30 22:00:00,-0.018070538,-0.0009764135,-0.004428384,-0.024319906,-0.00092495244
2025-05-30 23:00:00,-0.0038164398,0.003059961,-0.006138745,-0.006973387,-0.00020333775
2025-05-31 00:00:00,-0.023843817,-0.0068663917,-0.0050494913,-0.009388311,4.359288e-06
2025-05-31 01:00:00,-0.016039323,0.0072517954,-0.0076817526,-0.054945998,-0.00020174426
2025-05-31 02:00:00,-0.0017813455,0.004373472,-0.0040687392,-0.046340406,0.001260176
2025-05-31 03:00:00,-0.015825784,-0.0015699454,0.00443913,-0.064821824,-1.6774284e-06
2025-05-31 04:00:00,-0.013044869,0.0029925182,0.013155119,-0.04431709,0.00041020382
2025-05-31 05:00:00,-0.008374923,0.00011501834,0.0042489297,-0.054377247,0.0008071668
2025-05-31 06:00:00,-0.011070184,0.0023140684,-0.0022151584,-0.055035893,-0.00013760023
2025-05-31 07:00:00,-0.017034857,0.0008471608,-0.007723387,-0.061186086,-0.00023148383
2025-05-31 08:00:00,-0.010854393,0.005035851,-0.0095562,-0.029886985,0.00029012887
2025-05-31 09:00:00,-0.008174999,0.0006476864,-0.0104641905,-0.045936324,-0.00024986488
2025-05-31 10:00:00,-0.009093605,0.004061017,-0.012246255,-0.05007735,-0.0003288195
2025-05-31 11:00:00,-0.010198224,0.0022828765,-0.0118220085,-0.031533666,-0.0008839177
2025-05-31 12:00:00,-0.00820882,0.0033408776,-0.008385781,-0.043239716,-0.0010935544
2025-05-31 13:00:00,-0.014328209,0.0012426823,-0.0021866143,-0.047326535,-5.988218e-05
2025-05-31 14:00:00,-0.004066936,0.010015935,0.0043745665,-0.039671592,-0.00054447306
2025-05-31 15:00:00,-0.0077762483,0.0031594709,0.00064841926,-0.03356068,-0.0006493592
2025-05-31 16:00:00,-0.0034567965,0.011177387,-0.0017293448,-0.031091334,-0.0014641025
2025-05-31 17:00:00,-0.0019569462,0.0059741884,-0.003656224,-0.025304219,-0.00025017292
2025-05-31 18:00:00,-0.0010072087,0.0067731887,-0.0037308454,-0.02829133,-0.00056185
2025-05-31 19:00:00,-0.0017946331,-4.927069e-05,-0.005833033,-0.019482467,-0.0003712374
2025-05-31 20:00:00,-0.0011499618,0.0024828017,-0.0032587731,-0.010823086,-1.1039083e-05
2025-05-31 21:00:00,0.0032629315,0.00069618225,-0.0012002218,0.0037497154,0.00026286242
2025-05-31 22:00:00,0.0018535833,-0.002717577,-0.0014406743,-0.023904646,0.0002197047
2025-05-31 23:00:00,0.0043080705,-0.006582506,-0.0013482292,-0.008320989,7.051241e-05
2025-06-01 00:00:00,0.0048059137,-0.007344898,-0.0011792284,-0.015297135,0.0003280585
2025-06-01 01:00:00,-0.00020314835,0.0010726638,-0.0008976805,-0.034909144,0.00093596353
2025-06-01 02:00:00,-0.0005209284,0.0010783598,-0.0007727792,-0.021461232,0.0013475466
2025-06-01 03:00:00,-0.0024998826,0.0010338239,-0.001545149,-0.052493148,0.0015416422
2025-06-01 04:00:00,-0.0046827933,0.0069701225,-0.0012537739,-0.052346323,0.0012459878
2025-06-01 05:00:00,-0.0040466236,0.006892644,-0.00053396344,-0.01655203,0.0011293073
2025-06-01 06:00:00,-0.0052382895,0.009026438,-0.00042273273,-0.01795142,0.0009827388
2025-06-01 07:00:00,-0.004807569,0.005306471,-0.0006782506,-0.023933174,0.0010723013
2025-06-01 08:00:00,-0.005203224,0.004736267,-0.00087957375,-0.02176054,0.001291899
2025-06-01 09:00:00,-0.0045212903,0.003169842,-0.00066255755,-0.026201146,0.0009923966
2025-06-01 10:00:00,-0.004103112,0.0026348308,-0.000924716,-0.014673309,0.00078244833
2025-06-01 11:00:00,-0.006226995,-0.0006621741,-0.0005391201,-0.012889067,0.001071716
2025-06-01 12:00:00,-0.005094376,0.0004005283,-0.00024613083,-0.011883631,0.0006255227
2025-06-01 13:00:00,-0.005590968,0.0036413558,-3.6397454e-05,-0.0067278347,0.000386826
2025-06-01 14:00:00,-0.01094697,5.826354e-06,-0.00017200298,-0.030009447,0.0006108474
2025-06-01 15:00:00,-0.008736619,0.005918484,-0.00023071207,0.0036612938,0.00013122393
2025-06-01 16:00:00,-0.007596885,0.00611813,-0.00011933036,0.0044934587,6.19184e-05
2025-06-01 17:00:00,-0.010256863,0.008756824,-0.00031458586,-0.007922061,0.00013144652
2025-06-01 18:00:00,-0.0020077014,0.0060162954,-0.00029359083,-0.008737618,-0.000116311945
2025-06-01 19:00:00,-0.005215167,-0.0014089793,-0.00020024825,-0.007860133,-0.0001512299
2025-06-01 20:00:00,-0.0159292,-0.0059619173,-0.00031066698,-0.0127331875,0.00021898502
2025-06-01 21:00:00,-0.012622629,-0.0014254302,-0.00022889762,0.01203906,-0.00039495004
2025-06-01 22:00:00,-0.013718807,-0.0021967217,-0.00013203369,0.026722377,7.218809e-05
2025-06-01 23:00:00,-0.017810237,-0.0046355203,-0.00052645255,0.0038104712,-0.00022155675
2025-06-02 00:00:00,-0.015176433,-0.008270264,-0.003636362,0.010491693,5.8744918e-05
2025-06-02 01:00:00,-0.041472655,-0.0018692389,-0.0011266214,-0.03339475,-0.0001730785
2025-06-02 02:00:00,-0.020370565,-0.001883246,-0.0004915423,-0.011053653,-0.0006441764
2025-06-02 03:00:00,-0.014511709,-0.004186876,-0.00048582972,-0.010032,-0.0015158203
2025-06-02 04:00:00,-0.008524031,-0.0011558756,-0.0006181655,-0.025135813,-0.0019892189
2025-06-02 05:00:00,-0.012138217,-0.0003248267,-0.00038943862,-0.017623283,-0.0018382046
2025-06-02 06:00:00,-0.008062048,0.0022481866,-0.00016151936,-0.004637932,-0.0020090514
2025-06-02 07:00:00,-0.008132617,0.0022116005,-0.00023700486,-0.009262936,-0.00138865
2025-06-02 08:00:00,-0.006042403,0.0034075305,-0.00028115726,-0.012191344,-0.002083579
2025-06-02 09:00:00,-0.001947431,0.0032327622,-0.00018622857,-0.020323759,-0.0030254954
2025-06-02 10:00:00,-0.0026347088,0.0043982826,-0.00036694796,-0.021537554,-0.0034286538
2025-06-02 11:00:00,-0.0029847948,-0.003968682,-0.0004630363,0.0052122218,-0.0035100663
2025-06-02 12:00:00,-0.0040578763,-0.010069147,-0.00027348497,-0.0035163325,-0.002414798
2025-06-02 13:00:00,-0.0040073297,-0.013324868,-0.00032864712,-0.017461184,-0.0017187869
2025-06-02 14:00:00,-0.0031304974,-0.009952351,-0.0002992645,-0.005324679,-0.0013931206
2025-06-02 15:00:00,-0.0007202063,-0.008918159,-0.00036481628,-0.03636348,-0.0012125002
2025-06-02 16:00:00,-0.00044642657,0.0075355247,-0.00034491817,-0.0013675799,-0.0010800486
2025-06-02 17:00:00,0.0025755,0.006307613,-0.00023334657,-0.027851664,-0.0005837794
2025-06-02 18:00:00,0.0026232055,0.006620802,-0.0003466013,-0.027530022,-0.0003870977
2025-06-02 19:00:00,0.0024837293,0.014505334,-0.00029264472,-0.011013275,-0.00015011174
2025-06-02 20:00:00,0.003286148,0.007966578,-0.00023336285,-0.015855884,-0.00015463389
2025-06-02 21:00:00,0.002542974,0.00653141,-0.00034793816,-0.011705438,6.0903723e-05
2025-06-02 22:00:00,0.0029473589,0.01259084,-8.196855e-05,0.0019676501,-0.000430317
2025-06-02 23:00:00,0.0022636433,0.0070031285,-0.00016265552,-0.056931935,-0.00032261887
2025-06-03 00:00:00,0.002019959,0.011865608,-0.00021900833,-0.08192444,-0.0008142524
2025-06-03 01:00:00,0.0021209638,0.002959527,-0.00035082802,-0.03522495,-0.00067964883
2025-06-03 02:00:00,0.0029089595,0.001979459,-0.00016413172,-0.038429346,-0.0010918352
2025-06-03 03:00:00,0.0025307648,-0.0029767267,0.00019116918,-0.034855008,-0.0013019106
2025-06-03 04:00:00,0.0033276766,-0.00022058189,-0.0009698896,-0.034230564,-0.0015220643
2025-06-03 05:00:00,0.00075387803,-0.00062051415,-0.00063348206,-0.018141178,-0.0028479164
2025-06-03 06:00:00,-0.000170624,0.00079189613,-0.00027946188,-0.042058885,-0.002435349
2025-06-03 07:00:00,-0.001081176,-0.0007213652,-7.344695e-05,-0.007534401,-0.0031045135
2025-06-03 08:00:00,-0.0012935457,-0.0007686764,-0.0001925962,-0.034026623,-0.002146266
2025-06-03 09:00:00,-0.0013972394,-0.002413556,-0.00035817383,-0.014145372,-0.0031076786
2025-06-03 10:00:00,-0.0021947022,-0.00064383075,-0.00043632017,-0.036096603,-0.0022020615
2025-06-03 11:00:00,-0.0027794228,0.001602903,-0.0002731454,-0.0038496943,-0.0030015372
2025-06-03 12:00:00,-0.003609485,-0.0019888282,-0.00016462617,-0.014485156,-0.002206434
2025-06-03 13:00:00,-0.003705061,-0.00050906837,-0.0006452621,-0.011148347,-0.002987626
2025-06-03 14:00:00,-0.0037662908,-0.0011207312,-0.00054285664,0.0024526885,-0.0030571194
2025-06-03 15:00:00,-0.0036712694,0.002810508,-0.00039266233,0.0018377735,-0.0020806035
2025-06-03 16:00:00,-0.001282157,0.002346389,0.000211151,0.005381717,-0.002144916
2025-06-03 17:00:00,-0.002325452,0.003672339,-0.00023205744,-0.025253238,-0.0017354671
2025-06-03 18:00:00,-0.0033466583,0.0010121688,-0.0009506501,0.026508452,-0.0029870626
2025-06-03 19:00:00,-0.0033833152,0.0026656687,-0.0001873913,0.017198047,-0.0029198648
2025-06-03 20:00:00,-0.0035007354,0.00087658316,-2.7817005e-05,0.011812322,-0.0016658079
2025-06-03 21:00:00,-0.0008745446,0.0016211942,-7.2901705e-05,0.009383192,-0.0020742156
2025-06-03 22:00:00,0.0057602134,-0.0014247447,-1.3000681e-07,0.009874085,-0.0018670099
2025-06-03 23:00:00,0.0033093225,-0.010667581,-0.0003463532,0.038119406,-0.0025216457
2025-06-04 00:00:00,0.0070181773,-0.0020817704,-2.8893992e-05,0.043340813,-0.0010510263
2025-06-04 01:00:00,0.0036631385,0.0026041977,-0.00031901288,-0.0060859877,0.00028977927
2025-06-04 02:00:00,0.0003089736,0.0023643747,-0.000509872,-0.014989184,-0.00065606006
2025-06-04 03:00:00,0.0046854992,0.004035324,-0.00030946912,-0.015356518,0.00020402239
2025-06-04 04:00:00,0.0029687425,0.0019687451,-0.00041764346,-0.04108493,0.0001258488
2025-06-04 05:00:00,-0.0043898756,0.0036077015,-0.00039620436,-0.022792835,-0.00048687763
2025-06-04 06:00:00,-0.0035464289,0.001740694,-0.000369446,-0.030583339,-0.00032631296
2025-06-04 07:00:00,-0.0057584187,0.002175875,-0.00040348206,-0.023465598,-0.00021631585
2025-06-04 08:00:00,-0.008117492,0.003205128,-0.0003795509,-0.032160528,-0.0001644491
2025-06-04 09:00:00,-0.0070028515,0.0021765828,-0.00034597912,-0.021556607,-0.00027685834
2025-06-04 10:00:00,-0.006679424,0.0023202896,-0.00036821194,-0.027110277,-0.00045197515
2025-06-04 11:00:00,-0.006313375,0.0032079369,-0.00036254397,-0.011031603,-0.00051590626
2025-06-04 12:00:00,-0.0067134043,-0.00031249225,-0.00036032454,-0.018375749,-5.4268632e-05
2025-06-04 13:00:00,-0.008371281,-0.002436094,-0.00037821525,-0.008004667,-0.00026240188
2025-06-04 14:00:00,-0.0053169727,-0.0029684752,-0.0002869948,-0.0045998967,-0.00020928506
2025-06-04 15:00:00,-0.0036444962,-0.0027082227,-0.0002494759,-0.0052931956,-0.00046717154
2025-06-04 16:00:00,-0.0029575955,-0.0003361553,-0.0002505901,0.003916631,-0.00053376635
2025-06-04 17:00:00,-0.0008526902,-0.0009121075,-0.00019232571,-0.007953694,-0.00032785872
2025-06-04 18:00:00,-0.00079010206,-0.0017714873,-0.00023834308,-0.000278657,2.8581126e-06
2025-06-04 19:00:00,-0.000563196,-0.012606453,-0.00032415363,-0.009807916,-0.00022635539
2025-06-04 20:00:00,0.00023822242,-0.008691438,-0.00024242917,0.0033462497,-0.00040221412
2025-06-04 21:00:00,0.0015394961,-0.006748773,-2.2234191e-05,0.0034978522,-8.06757e-05
2025-06-04 22:00:00,-0.0025156233,-0.019423965,-0.00020587136,-0.014942834,3.5819947e-05
2025-06-04 23:00:00,0.0013123326,-0.010228403,-0.00021565186,-0.017043227,-0.0002710024
2025-06-05 00:00:00,-0.0014550324,-0.016093615,-2.2674474e-05,-0.041100495,7.218309e-05
2025-06-05 01:00:00,-0.003845458,-0.005235508,-0.0003524395,-0.034434214,0.00052913785
2025-06-05 02:00:00,-0.0022142986,-0.0040808693,-0.00012994077,-0.040093128,0.0008947823
2025-06-05 03:00:00,-0.0026526325,-0.0043558963,-0.0002077459,-0.053667437,0.0007247766
2025-06-05 04:00:00,-0.0024219379,-0.00040645897,-0.00022743104,-0.029963644,0.00055740896
2025-06-05 05:00:00,-0.0016896977,-0.00050651655,-0.00023623298,-0.044468164,0.0006812635
2025-06-05 06:00:00,-0.0019190462,4.440546e-06,-0.00024100023,-0.022397222,0.000736216
2025-06-05 07:00:00,-0.0024273791,-0.0075127967,-0.00028896565,-0.03406716,0.0012440154
2025-06-05 08:00:00,-0.0033071982,0.0024926625,-0.0003156524,-0.016488912,0.0012126098
2025-06-05 09:00:00,-0.001811705,0.0029251575,-0.00013871602,-0.0049614436,0.0010356059
2025-06-05 10:00:00,-0.0012549025,0.0047420114,-0.00025617506,-0.017543295,0.00080456573
2025-06-05 11:00:00,-0.0014124003,0.0066705756,-0.00033801247,0.0010897315,0.0007300532
2025-06-05 12:00:00,-0.0013875877,0.00079064816,-0.00036121276,-0.013907762,0.0007316442
2025-06-05 13:00:00,-0.0010603794,0.004641302,-0.0004172203,-5.6916557e-05,0.00052576046
2025-06-05 14:00:00,-1.0955846e-06,0.0066155605,-0.00022829427,0.018483369,0.0010345619
2025-06-05 15:00:00,-0.0021328437,-0.00229913,-0.00043104467,-0.02353126,0.00086532155
2025-06-05 16:00:00,-0.0011591736,0.0011971444,-0.00054235454,0.03550094,0.001116211
2025-06-05 17:00:00,0.0007964162,0.0040726066,9.675394e-06,0.004962452,0.000943888
2025-06-05 18:00:00,-0.0036990545,-0.005583979,-0.00024495646,-0.000910958,0.0007453718
2025-06-05 19:00:00,0.0016777919,-0.0022974089,-0.000194353,0.030898966,0.0004500433
2025-06-05 20:00:00,0.0023404425,0.0026056096,0.0005842248,-0.016482411,0.0019710532
2025-06-05 21:00:00,0.004026231,0.007532064,0.0035211497,-0.027907247,0.006043589
2025-06-05 22:00:00,-0.014367529,-0.019139238,-0.00018770187,-0.0028557384,0.0020215504
2025-06-05 23:00:00,0.014989701,0.00017937273,0.0029069234,-0.010732682,0.0013785574
2025-06-06 00:00:00,0.008014506,0.0007156506,0.0009866228,-0.04658305,0.004135385
2025-06-06 01:00:00,-0.014258379,-0.0021122657,-0.0011868277,-0.013263203,0.0041999947
2025-06-06 02:00:00,-0.00019966357,0.0018731542,-0.0011928427,-0.008772953,0.0024748985
2025-06-06 03:00:00,0.00089200295,-0.0015259534,-0.0022402534,-0.03118228,0.001891115
2025-06-06 04:00:00,-0.0013536491,-0.001044523,-0.0016667553,-0.033747938,0.00087558606
2025-06-06 05:00:00,0.0005014291,0.0027183667,-0.001318892,-0.03409323,-4.879397e-05
2025-06-06 06:00:00,-0.0013383274,0.0025784262,-0.001222782,-0.024392147,-0.0002186253
2025-06-06 07:00:00,-0.000442844,-0.0010209829,-0.00150731,-0.027606295,-0.0010109377
2025-06-06 08:00:00,-0.00096622866,0.0009723976,-0.0015564271,-0.03021888,-0.0014677612
2025-06-06 09:00:00,-0.0007467206,0.0012395792,-0.0014071991,-0.02246226,-0.0013976301
2025-06-06 10:00:00,-0.0023530792,0.0009600185,-0.0011415457,-0.020939196,-0.0014642841
2025-06-06 11:00:00,-0.0014834638,0.0014865696,-0.00093350536,-0.02141696,-0.0018917908
2025-06-06 12:00:00,-0.0008869149,0.0015435293,-0.0004657507,-0.029369302,-0.0016021811
2025-06-06 13:00:00,-0.0008308814,0.0015091226,-0.0003766495,-0.011906007,-0.0014193304
2025-06-06 14:00:00,8.47819e-05,0.0012602173,-0.0008946067,-0.003767993,-0.0010338522
2025-06-06 15:00:00,0.0007706786,0.0011599287,-0.0020287707,-0.016151998,-0.0011358106
2025-06-06 16:00:00,0.002439823,0.0013628788,-0.0036324256,-0.00061192614,-0.0010047952
2025-06-06 17:00:00,0.00027174025,-0.0009109825,-0.005573763,0.0040066224,-0.00013617286
2025-06-06 18:00:00,0.003312963,-0.0011958927,-0.004402205,-0.005407128,-0.001074772
2025-06-06 19:00:00,0.005583722,-0.001922749,-0.001386002,0.002494272,-0.00090898795
2025-06-06 20:00:00,0.0044135754,-0.00053640455,-0.00063009805,0.0073011513,-0.0002875902
2025-06-06 21:00:00,0.0018614087,0.0022764876,-0.000705531,0.0009002912,-0.00023101282
2025-06-06 22:00:00,0.0049691917,0.00026878715,-0.00020408667,0.0074406383,-0.00073081034
2025-06-06 23:00:00,0.0053864466,-0.00035715103,-0.0002128409,0.008404655,-0.00021774892
2025-06-07 00:00:00,0.0035432656,-0.004033439,-0.000308917,-0.0018894372,-0.0007276741
2025-06-07 01:00:00,0.00097235397,0.0053004287,-0.00023313917,-0.033114802,0.0009850394
2025-06-07 02:00:00,0.00018055027,0.0047879666,-0.00010317171,-0.038292903,0.0012394169
2025-06-07 03:00:00,0.00022162206,0.0026698634,-0.00014939025,-0.03410028,0.0016462647
2025-06-07 04:00:00,-0.0011747006,0.0052317157,-0.00020709948,-0.028853795,0.0013840303
2025-06-07 05:00:00,-0.00049470377,0.005203042,-0.00016828494,-0.013096964,0.00083613425
2025-06-07 06:00:00,-0.0019714893,0.0044039562,-0.0002791409,-0.020307763,0.0011176319
2025-06-07 07:00:00,-0.003138634,0.005182795,-0.00031688443,-0.007335806,0.0009811758
2025-06-07 08:00:00,-0.0038617835,0.0029111654,-0.00024144685,-0.01350324,0.00079979346
2025-06-07 09:00:00,-0.0054616197,-0.0013440922,-0.0003397623,-0.018979633,0.0009712952
2025-06-07 10:00:00,-0.0074330363,-0.0030630305,-0.00040951185,-0.013967024,0.0009134584
2025-06-07 11:00:00,-0.007673201,-0.002433598,-0.00032158502,-0.0048078424,0.00040117197
2025-06-07 12:00:00,-0.006786977,-8.865073e-05,-0.00026064608,0.0017059448,0.00035095832
2025-06-07 13:00:00,-0.007413241,-0.0001084581,-0.00028696196,-0.0059639546,0.00045668753
2025-06-07 14:00:00,-0.007184352,0.00027646124,-0.00032385677,-0.0013749746,0.00010116643
2025-06-07 15:00:00,-0.0043555303,-9.195879e-05,-0.0003106505,0.0052793887,-0.00014274113
2025-06-07 16:00:00,-0.00801975,-0.0037670434,-0.00032726736,-0.0034602543,-0.000389877
2025-06-07 17:00:00,-0.03212491,-0.012042057,-0.00026075725,-0.005639114,-0.00054888916
2025-06-07 18:00:00,-0.039378982,-0.010173604,-0.0002365854,-0.0006715038,-0.0003289989
2025-06-07 19:00:00,-0.04641013,-0.008510344,-0.00020555011,0.0021647292,-0.00037767796
2025-06-07 20:00:00,-0.04456438,-0.0046240464,-0.00017335959,0.008413602,-0.00051700545
2025-06-07 21:00:00,-0.038920242,-0.0032894164,-0.00014649116,0.013398383,-0.00044188905
2025-06-07 22:00:00,-0.03873763,-0.002733983,-0.00020095066,0.0051761256,-0.00029303192
2025-06-07 23:00:00,-0.03319024,-0.0036772527,-0.00028886617,0.011955896,-0.00048134231
2025-06-08 00:00:00,-0.031252515,-0.009889014,-0.0002870894,0.020297518,-0.0008980717
2025-06-08 01:00:00,-0.047303755,-0.013861399,-0.00018088566,-0.004013728,-0.00028004812
2025-06-08 02:00:00,-0.039777156,-0.010023497,-8.402893e-05,-0.0047622896,-1.398148e-07
2025-06-08 03:00:00,-0.012181479,-0.011302788,0.00020349529,-0.006436422,0.00051649124
2025-06-08 04:00:00,-0.017053936,-0.012217984,0.00013493141,-0.013020419,0.000732923
2025-06-08 05:00:00,-0.031282064,-0.008967906,3.7666206e-05,-0.0046471986,0.00046595762
2025-06-08 06:00:00,-0.021957684,-0.009984963,0.00015603952,-0.008605992,0.0007278334
2025-06-08 07:00:00,-0.02984428,-0.0064274035,3.840949e-05,-0.0054919976,0.00088564033
2025-06-08 08:00:00,-0.035402488,-0.009938158,1.7522718e-05,-0.0016006331,0.00058689667
2025-06-08 09:00:00,-0.036393706,-0.01050939,9.360092e-05,-0.0009008615,0.00070479175
2025-06-08 10:00:00,-0.027296137,-0.019074857,-4.3318723e-06,0.0061789104,0.00040651602
2025-06-08 11:00:00,-0.039429177,-0.027750507,0.00014392161,-0.0040729647,0.00091290765
2025-06-08 12:00:00,-0.04610117,-0.011420568,2.357032e-05,-0.0026426052,0.000641705
2025-06-08 13:00:00,-0.037992623,-0.0073005445,9.813628e-05,0.0041047954,0.0005520518
2025-06-08 14:00:00,-0.06662211,-0.0037561543,-0.00018222706,-0.025138436,0.00068771676
2025-06-08 15:00:00,-0.08024226,-0.006639665,-0.000312316,-0.016177623,0.00028516387
2025-06-08 16:00:00,-0.072412066,-0.0027085785,-0.00025970934,-0.0060168556,0.0004344082
2025-06-08 17:00:00,-0.07817519,-0.00401251,-0.00025205742,-0.0090918075,0.00027078914
2025-06-08 18:00:00,-0.075493604,-0.0048210844,-0.00025904935,-0.0029123516,5.7919067e-05
2025-06-08 19:00:00,-0.061377008,-0.010271117,-0.00027096085,0.01010894,0.00030474772
2025-06-08 20:00:00,-0.060955033,-0.018787049,-0.00035081655,-3.461697e-05,-3.6886544e-05
2025-06-08 21:00:00,-0.04195967,-0.01801825,-0.00028341482,0.010675961,-0.00015185797
2025-06-08 22:00:00,-0.039321627,-0.020271845,-0.00035140716,0.0098286215,-9.007857e-05
2025-06-08 23:00:00,-0.04262647,-0.031257875,-0.00030046437,0.00083612866,-0.00024917454
2025-06-09 00:00:00,-0.051758494,-0.022048585,-0.0005701495,0.0051959925,0.00025301415
2025-06-09 01:00:00,-0.09612589,-0.016710062,-0.00052683183,-0.027546974,-0.00093473133
2025-06-09 02:00:00,-0.015299111,-0.0071885437,-0.0003276166,0.0026073179,-0.00057363056
2025-06-09 03:00:00,-0.03429682,-0.0031816214,-0.00052826176,-0.015389735,-0.0007419564
2025-06-09 04:00:00,-0.023224711,-0.00013109297,-0.00033334098,-0.00779874,-0.0015626602
2025-06-09 05:00:00,0.0057829684,0.0010083467,-0.00031781386,0.0074773454,-0.0012174227
2025-06-09 06:00:00,-0.0059689134,0.0012206733,-0.0004180666,-0.011626052,-0.0014491816
2025-06-09 07:00:00,-0.0004147488,0.0018739551,-0.00031531492,-0.009891665,-0.0012525782
2025-06-09 08:00:00,0.0073508723,0.004125852,-0.00022758312,0.0041838908,-0.0008713916
2025-06-09 09:00:00,-0.00074634526,0.0015456937,-0.00037610624,-0.016260983,-0.0010999901
2025-06-09 10:00:00,-0.013787461,0.0029180683,-0.0004394965,-0.013543988,-0.000775403
2025-06-09 11:00:00,-0.005002683,0.012357481,-0.0002849898,0.0087797325,-0.0012064957
2025-06-09 12:00:00,-0.00074262277,0.0059004873,-0.00020505264,-0.04567566,-0.0011037873
2025-06-09 13:00:00,-0.0127340015,0.009651825,-0.00037925827,-0.03130676,-0.001321857
2025-06-09 14:00:00,0.0025859717,0.0032437444,-0.00011444511,-0.02393523,-0.0032908553
2025-06-09 15:00:00,0.0021642474,0.0057534203,-0.0005431986,-0.030258935,-0.0027894871
2025-06-09 16:00:00,-0.005118961,0.008152671,0.00019903868,-0.0016802286,-0.0034654103
2025-06-09 17:00:00,-0.00034634827,0.006474249,0.0004972046,0.014241377,-0.0017638287
2025-06-09 18:00:00,-0.0041321674,0.0069469437,4.6694448e-05,-0.012555657,-0.0017926403
2025-06-09 19:00:00,-0.0026927427,0.008120045,0.0003277137,0.0025690014,-0.0014600746
2025-06-09 20:00:00,-0.0013923236,0.0066454783,0.00013859509,-0.0063894293,-0.0008808655
2025-06-09 21:00:00,-0.00156031,0.0096466765,0.00034699505,0.009829716,-0.0008851808
2025-06-09 22:00:00,-0.0034105391,0.010369152,0.0007190838,0.048874605,-0.0019845013
2025-06-09 23:00:00,0.00022201415,0.004217364,0.0010481398,0.048851196,-0.0018384549
2025-06-10 00:00:00,-0.0017179904,0.010610819,0.0010370043,0.011269107,-0.0025777956
2025-06-10 01:00:00,0.00039032276,-0.002123639,0.00015276214,-0.015861798,-0.003374369
2025-06-10 02:00:00,0.0018110339,-0.00035945326,-0.00018602787,-0.007801737,-0.0026259897
2025-06-10 03:00:00,0.0011263023,-0.0023660809,-5.8824924e-05,0.0005953166,-0.0020406917
2025-06-10 04:00:00,-0.00050970644,0.0022424608,-8.468761e-05,-0.011216057,-0.002077579
2025-06-10 05:00:00,-0.0012380491,0.001568228,-0.00043781355,-0.014556607,-0.0018178382
2025-06-10 06:00:00,-0.0012168103,-0.0010646656,0.0002527863,-0.0086194575,-0.0029292852
2025-06-10 07:00:00,-0.0019532042,0.0007809326,0.00034549503,-0.006666684,-0.0018494214
2025-06-10 08:00:00,-0.0022102548,-0.00092458725,0.00019326553,-0.005794495,-0.0033475743
2025-06-10 09:00:00,-0.0010265923,-0.0036576167,0.0006392321,-0.0026799717,-0.002480783
2025-06-10 10:00:00,-0.00254378,0.00053656846,-0.000104328035,-0.01270631,-0.0026991712
2025-06-10 11:00:00,0.003148702,-0.005425714,0.00027303284,-0.0017042027,-0.0030429503
2025-06-10 12:00:00,0.0033484912,-0.0011220798,0.00033684223,0.0053935763,-0.0019410249
2025-06-10 13:00:00,0.010084691,-0.002247721,0.00042126756,0.01643248,-0.0035589226
2025-06-10 14:00:00,0.004009786,0.0012623072,0.00021341364,-0.01231681,-0.0025996128
2025-06-10 15:00:00,0.0033651618,-0.0030452237,-0.0016661409,-0.002902081,-0.0069661792
2025-06-10 16:00:00,0.01013108,-0.0052062273,-0.000946737,0.009790642,-0.0056597395
2025-06-10 17:00:00,0.009373035,0.0014107823,3.060201e-05,0.013317047,-0.003344547
2025-06-10 18:00:00,0.0061499598,0.00031787157,-0.00010336368,-0.009646801,-0.0028159078
2025-06-10 19:00:00,0.001663626,0.006420538,-0.00024720185,0.015581744,-0.002174201
2025-06-10 20:00:00,0.008164118,0.010707527,-0.00046864405,0.009807447,-0.0022097742
2025-06-10 21:00:00,0.0057436572,0.0011380613,-0.0007281547,-0.011302302,-0.002303265
2025-06-10 22:00:00,0.010579686,0.0075507835,-0.0007420101,0.037757576,-0.003521536
2025-06-10 23:00:00,-0.0037604524,0.0029179566,-0.0009479413,0.006355575,-0.002835148
2025-06-11 00:00:00,0.0073486725,0.0037569478,-0.0004899757,0.025372108,-0.002707081
2025-06-11 01:00:00,0.0028996384,0.0019707084,-0.00022271802,-0.008236939,-0.0020984374
2025-06-11 02:00:00,0.0029027993,-0.00055382773,-0.0007756107,-0.0062484085,-0.0028594001
2025-06-11 03:00:00,0.0026218183,-0.0029577054,-0.00096295786,-0.019908698,-0.0023243618
2025-06-11 04:00:00,-0.0035543153,-0.000104665756,-0.0007043786,-0.012578787,-0.0020560473
2025-06-11 05:00:00,-0.0050953077,-0.0024412498,-0.00037967923,-0.011744728,-0.0027008825
2025-06-11 06:00:00,-0.0033225091,-0.0031287745,-0.00075122045,-0.027439533,-0.0018653887
2025-06-11 07:00:00,0.0015225298,0.0002713576,-0.0010726925,-0.019822408,-0.0018875123
2025-06-11 08:00:00,-0.0056801047,0.0012933165,-0.00046740504,-0.022450037,-0.0026407754
2025-06-11 09:00:00,-0.006230752,-0.00096976757,-0.00061406114,-0.017448114,-0.0019901297
2025-06-11 10:00:00,-0.006835168,-0.001125969,-0.00071026164,-0.010584228,-0.002745009
2025-06-11 11:00:00,-0.0067609427,-0.0034276247,-0.00083413883,-0.006805276,-0.0018094099
2025-06-11 12:00:00,-0.0071001286,-0.0010563806,-0.00035046323,-0.0025747174,-0.0025329748
2025-06-11 13:00:00,-0.0080789765,0.0011389852,-0.00035589127,0.005762054,-0.0015190277
2025-06-11 14:00:00,-0.0060787015,0.0031314865,-0.00048499403,-0.011838576,-0.003022871
2025-06-11 15:00:00,-0.0054870136,0.0018740594,-0.0004605491,0.0076384046,-0.0014034786
2025-06-11 16:00:00,-0.0023026494,0.007223442,-0.0008125972,0.003673645,-0.0034945412
2025-06-11 17:00:00,-0.0039817914,0.005339116,-0.0007694651,-0.00982332,-0.0020592855
2025-06-11 18:00:00,-0.005315005,0.00049906224,-0.00050752674,-0.00692909,-0.0026489277
2025-06-11 19:00:00,-0.0011795434,-0.006077908,-0.0006062633,0.0012579693,-0.0019020281
2025-06-11 20:00:00,0.0015649506,-0.003957346,-0.0003276617,0.013470644,-0.002737937
2025-06-11 21:00:00,0.007495961,-0.0026904717,-9.38382e-05,0.0026341288,-0.0018414307
2025-06-11 22:00:00,0.011410018,-0.0012710094,-0.00013006238,0.010255188,-0.001504785
2025-06-11 23:00:00,0.012671575,-0.009931482,-6.494965e-05,0.008123128,-0.0012808015
2025-06-12 00:00:00,0.010658262,-0.011346314,-0.00034452335,0.032132953,-0.0019831057
2025-06-12 01:00:00,0.0086230775,-0.00010838732,-0.00012246435,-0.00091020175,6.7401445e-05
2025-06-12 02:00:00,0.005583901,-0.0003953427,-0.00016323282,-0.011545351,0.0002524294
2025-06-12 03:00:00,0.004340401,9.599328e-05,-0.00022454959,-0.019672088,0.00027741666
2025-06-12 04:00:00,0.0022812742,-0.001592733,-0.00011657138,-0.0160936,0.00032448897
2025-06-12 05:00:00,-0.0037360354,-0.00065004453,-2.7146161e-05,-0.014482496,0.00068460224
2025-06-12 06:00:00,-0.009087085,-0.0022468194,-3.9597362e-05,-0.015110739,0.0010511089
2025-06-12 07:00:00,-0.010430225,0.0006757304,1.2925739e-05,-0.013712108,0.00064208684
2025-06-12 08:00:00,-0.008097355,0.0010091327,-8.626669e-05,-0.016934901,0.00080018956
2025-06-12 09:00:00,-0.010088354,-0.0017024279,-0.00013174507,-0.01614883,0.00072597497
2025-06-12 10:00:00,-0.008040444,0.0022592433,-0.00013311702,-0.012459198,0.00038143026
2025-06-12 11:00:00,-0.006234264,-0.00033308938,-7.432001e-05,-0.011612901,0.00071468786
2025-06-12 12:00:00,-0.0077553783,0.0026827045,-0.00024695334,-0.030461393,0.0005275584
2025-06-12 13:00:00,-0.009847526,0.00022821128,-0.00016389723,-0.021001408,0.0009575675
2025-06-12 14:00:00,-0.00474359,0.0034638941,-4.5739114e-05,-0.011038963,0.00043560786
2025-06-12 15:00:00,-0.0047233356,0.0018524453,6.310045e-05,-0.017203722,0.00037197594
2025-06-12 16:00:00,-0.0013821294,0.0053697154,-0.0002200249,-0.013905825,0.00049286697
2025-06-12 17:00:00,-0.0073277075,-0.0028938316,-0.00018418266,-0.03708554,0.00054336665
2025-06-12 18:00:00,-0.00050601515,0.0046687797,-0.0003099552,0.026973424,0.0004161421
2025-06-12 19:00:00,0.0015044637,0.0046420544,0.0001878145,0.0022887655,0.00019585108
2025-06-12 20:00:00,-0.0047540087,0.0009505227,0.000113563816,-0.023353968,0.0001357008
2025-06-12 21:00:00,5.9650047e-06,0.0011676252,0.00032175359,0.019094912,-0.00030283222
2025-06-12 22:00:00,-0.00037040573,-0.002394341,0.00079350045,0.0036400317,0.0006336712
2025-06-12 23:00:00,0.0037657698,-0.0018591546,0.0007394509,-8.8125176e-05,0.00029457547
2025-06-13 00:00:00,-0.00019648497,-0.000897903,0.00062723877,0.009393231,0.00045092276
2025-06-13 01:00:00,-0.00400499,0.007440839,0.0016106039,-0.028500184,0.005393873
2025-06-13 02:00:00,-0.0044534346,-0.0001761131,0.0010257051,-0.043108523,0.0022385388
2025-06-13 03:00:00,-0.008180476,0.0062329993,0.002070736,0.029078793,0.004100601
2025-06-13 04:00:00,0.0012775025,-0.0029144809,-0.00049717596,-0.023143966,0.0024949508
2025-06-13 05:00:00,-0.002283494,0.0028222874,-0.0029175319,-0.00020774425,0.0011396464
2025-06-13 06:00:00,0.0013984515,0.0002581589,-0.004198455,-0.03356475,0.0018397608
2025-06-13 07:00:00,-0.009283542,0.000364393,-0.004168682,-0.017746516,0.0005495343
2025-06-13 08:00:00,0.0024151988,0.00318674,-0.0028549137,0.00820336,-0.0005436776
2025-06-13 09:00:00,0.0012250793,0.0026523545,-0.0029201172,-0.016722953,-0.0016784767
2025-06-13 10:00:00,-0.0043506743,0.0044054426,-0.0029721984,-0.011229143,-0.002271796
2025-06-13 11:00:00,-0.0052310256,0.0016183853,-0.0030309265,-0.007844359,-0.002381269
2025-06-13 12:00:00,-0.009168725,0.0047692023,-0.0030969947,-0.009725586,-0.0028163833
2025-06-13 13:00:00,-0.003847125,0.0068062246,-0.0025094533,-0.01065558,-0.002972701
2025-06-13 14:00:00,-0.011974808,0.0021414235,-0.002119909,-0.003776809,-0.0023485636
2025-06-13 15:00:00,-0.013994938,0.0048750974,-0.0018094119,-0.008096119,-0.0027896962
2025-06-13 16:00:00,-0.013895923,0.0018006302,-0.0017804626,-0.009671517,-0.0016424878
2025-06-13 17:00:00,-0.014694977,0.0052399524,-0.0004982352,-0.053078048,-0.0019418224
2025-06-13 18:00:00,-0.0070118112,-0.00016839802,0.0005966632,-0.030073037,-0.0014374299
2025-06-13 19:00:00,-0.018226307,-0.007929377,-0.00074097386,-0.050242595,-0.002875791
2025-06-13 20:00:00,-0.017049685,-0.010036595,-0.0016896577,-0.04969279,-0.004057501
2025-06-13 21:00:00,-0.010242227,-0.0069989637,-0.0011308839,-0.047684625,-0.002041637
2025-06-13 22:00:00,-0.0017032429,0.00044083968,0.0013738448,-0.017464986,-0.00084562914
2025-06-13 23:00:00,-0.0035510361,-0.0022498667,0.0002679871,-0.027763553,-0.0005371076
2025-06-14 00:00:00,-0.0067769447,0.00023338571,-0.00029319635,-0.0076620462,-0.00031551893
2025-06-14 01:00:00,0.007358539,0.0030587874,0.00063577516,-0.032974917,-5.501951e-05
2025-06-14 02:00:00,-0.0014535767,-0.0006109774,-3.7958263e-05,-0.05135457,8.45585e-05
2025-06-14 03:00:00,-0.003644206,-9.2059374e-05,-0.00031532205,-0.061350387,0.00046571088
2025-06-14 04:00:00,-0.0050505633,0.0031735227,-0.00031866194,-0.057535045,0.00081007066
2025-06-14 05:00:00,-0.0041376827,0.0035685748,0.0003179655,-0.042943984,0.0009180156
2025-06-14 06:00:00,-0.0047427644,0.0047371164,6.463201e-05,-0.053344645,0.00046108582
2025-06-14 07:00:00,-0.008142015,0.0042285323,-0.0001214435,-0.03943924,0.00091146474
2025-06-14 08:00:00,-0.011873824,0.0028587468,-0.00061316625,-0.047204383,0.0016510871
2025-06-14 09:00:00,-0.015459782,0.003507033,-0.00056018366,-0.047052022,0.0016689566
2025-06-14 10:00:00,-0.015942167,0.0029578581,-0.00061903155,-0.056829304,0.0014064545
2025-06-14 11:00:00,-0.012015151,0.0017863959,-0.00080296386,-0.04425805,0.0018589485
2025-06-14 12:00:00,-0.013928109,0.005425431,-0.00092207815,-0.03503523,0.0012476969
2025-06-14 13:00:00,-0.011549623,0.0028647967,-0.0011873242,-0.02679935,0.001131362
2025-06-14 14:00:00,-0.012872306,0.0011845157,-0.0017161669,-0.019575333,0.00083192054
2025-06-14 15:00:00,-0.012511395,0.00019109622,-0.0129820565,-0.027576113,0.00014356361
2025-06-14 16:00:00,-0.015099098,-0.0034154356,-0.006837565,-0.020463565,-0.00021510979
2025-06-14 17:00:00,-0.016776469,-0.0061898977,-0.0072618946,-0.0071527953,-0.0005306875
2025-06-14 18:00:00,-0.023578828,-0.012724571,-0.007307919,-0.014925543,0.00018943136
2025-06-14 19:00:00,-0.007282775,-0.0043507814,-0.018792216,-0.02108805,-0.00070602994
2025-06-14 20:00:00,-0.016774565,-0.0076625384,0.04110262,-0.052733168,-0.0004957353
2025-06-14 21:00:00,-0.021931952,-0.008354355,0.036243785,-0.008691685,-0.001535281
2025-06-14 22:00:00,-0.016589975,-0.00745805,-0.0009720648,0.012671726,-0.0005737335
2025-06-14 23:00:00,-0.009709425,-0.0011815615,-0.027702535,0.019601164,-0.0016190881
2025-06-15 00:00:00,-0.012376022,-0.0030623935,0.040015165,-0.06600713,-0.0011152864
2025-06-15 01:00:00,-0.024215205,0.003858287,-0.0019607067,-0.028681913,0.00028498622
2025-06-15 02:00:00,-0.010342739,0.0058540814,-0.0017324506,-0.021684537,0.0004866789
2025-06-15 03:00:00,-0.014792873,0.005026456,0.0013250144,-0.022243397,0.00069933245
2025-06-15 04:00:00,-0.017392132,0.009415623,0.0031997294,-0.008210072,0.0007921498
2025-06-15 05:00:00,-0.017183535,0.007215351,-0.00397512,0.005183442,0.0006105395
2025-06-15 06:00:00,-0.017779507,0.007524308,0.002852145,0.0020852408,0.0005695416
2025-06-15 07:00:00,-0.019696122,0.0041410476,0.021597516,0.0011168292,0.0006965419
2025-06-15 08:00:00,-0.02046956,0.00029410422,0.008008714,-0.014218008,0.0010089581
2025-06-15 09:00:00,-0.022543883,0.00093384087,-0.00582041,-0.0023343132,0.0008325444
2025-06-15 10:00:00,-0.021549063,0.0014113858,0.00010620183,-0.0003559158,0.00084977003
2025-06-15 11:00:00,-0.019416157,0.0025951117,0.027996201,-0.015208175,0.0009597037
2025-06-15 12:00:00,-0.017470561,0.0061688274,-0.0032836802,0.006129822,0.00041791028
2025-06-15 13:00:00,-0.017437346,0.0029432662,-0.0002736511,0.0014872609,0.0006953832
2025-06-15 14:00:00,-0.020784235,0.0052271895,-0.000908772,0.007635061,0.00052139256
2025-06-15 15:00:00,-0.01816319,0.004977379,-0.00020069143,0.017913032,0.00020312786
2025-06-15 16:00:00,-0.017775103,-0.00433689,-0.0004932415,-0.0059047784,9.8715886e-05
2025-06-15 17:00:00,-0.020684116,-0.012245607,-0.0007045843,-0.007261287,0.00038487185
2025-06-15 18:00:00,-0.022818778,-0.018174931,-0.0013063503,0.0036586768,-6.621261e-05
2025-06-15 19:00:00,-0.013431164,-0.016858354,-0.00085453596,0.012950722,-0.00017262471
2025-06-15 20:00:00,-0.019820772,-0.024650775,-0.0003658171,-0.0071098837,0.0001223716
2025-06-15 21:00:00,-0.022046413,-0.036437053,-0.0004076023,-0.0065950747,0.00025627238
2025-06-15 22:00:00,-0.024658374,-0.03766913,-0.001083742,0.011167256,0.00027552492
2025-06-15 23:00:00,-0.027691253,-0.023036554,-0.0007149972,0.005418305,-0.00074647705
2025-06-16 00:00:00,-0.020116618,-0.011730678,-0.00021078417,-0.003623733,-0.0007324548
2025-06-16 01:00:00,-0.06656811,-0.009495199,-0.00029973604,-0.03218572,-0.0010230952
2025-06-16 02:00:00,-0.04613664,-0.00028753653,-0.00062155153,-0.03058243,-0.0011518159
2025-06-16 03:00:00,-0.029487863,-0.001563035,-0.00045496624,0.0015043712,-0.0023191888
2025-06-16 04:00:00,0.012098316,-0.003570728,-0.00055934454,-0.036353577,-0.0024109334
2025-06-16 05:00:00,-0.018611034,0.0040966272,-0.00061789225,-0.005545433,-0.0021826192
2025-06-16 06:00:00,-0.014012062,0.0022419617,-0.00062001136,-0.029037606,-0.0031570857
2025-06-16 07:00:00,0.02032227,-0.0006838888,-0.00015653335,-0.009594513,-0.0034032944
2025-06-16 08:00:00,-0.004194797,0.0043174103,-0.00035213292,-0.009844575,-0.0023552119
2025-06-16 09:00:00,0.006770365,0.0017867163,-0.00020140401,-0.034579333,-0.0040698713
2025-06-16 10:00:00,0.014857004,0.002924122,-7.278661e-05,-0.015426571,-0.0037336117
2025-06-16 11:00:00,0.004836012,0.0056916177,-0.00059660774,-0.033863634,-0.0040688044
2025-06-16 12:00:00,0.004599762,0.0037396252,-7.116297e-05,-0.021172877,-0.004438797
2025-06-16 13:00:00,0.003619125,0.0038149282,-1.6563892e-05,-0.015747327,-0.0043494264
2025-06-16 14:00:00,0.0010376925,0.008336358,-0.00027709213,-0.013847332,-0.0041995016
2025-06-16 15:00:00,0.009192192,0.0056236535,0.0002101631,0.011109112,-0.004341579
2025-06-16 16:00:00,0.0058624167,0.0066975653,0.0002546749,-0.017817376,-0.0039394526
2025-06-16 17:00:00,0.003804964,0.009351589,-0.000452261,-0.0016471648,-0.0036916686
2025-06-16 18:00:00,0.008480012,0.008276336,0.000257695,0.005418314,-0.004574281
2025-06-16 19:00:00,0.005837568,0.007079281,-9.5682364e-05,0.0023036434,-0.0030305176
2025-06-16 20:00:00,0.009071433,0.010825433,0.00020120104,0.0022881536,-0.0041021854
2025-06-16 21:00:00,0.008584588,0.019718878,0.00046471469,0.000703404,-0.0027580755
2025-06-16 22:00:00,0.00968938,0.01973527,0.00014627256,-0.0064506247,-0.0037863702
2025-06-16 23:00:00,0.006333857,0.0036878288,0.0009894501,0.010127338,-0.0035185325
2025-06-17 00:00:00,0.021284707,-0.0043445677,0.00039348265,0.019024407,-0.0057175485
2025-06-17 01:00:00,0.010969711,-0.00043304265,-2.9051356e-05,-0.005608029,-0.0030606673
2025-06-17 02:00:00,0.023206519,-0.0003895387,0.0012006903,0.014153963,-0.0019154361
2025-06-17 03:00:00,0.0075173494,0.00297134,0.00024894273,-0.0152311865,-0.0011975601
2025-06-17 04:00:00,-0.0036555724,0.0057916865,-0.00019563676,-0.024107004,-0.0018753832
2025-06-17 05:00:00,0.018589975,0.008599799,-6.289047e-05,-0.014792057,-0.0011589836
2025-06-17 06:00:00,0.0045554163,0.0066124722,-0.00016050506,-0.029872231,-0.0017224808
2025-06-17 07:00:00,0.009060871,0.0064539798,-0.0001413278,-0.016066946,-0.0011266341
2025-06-17 08:00:00,0.010500803,0.0034672134,-0.00010698728,-0.022308212,-0.0009705123
2025-06-17 09:00:00,0.00095120806,0.0017767027,-3.8182538e-05,-0.014191482,-0.0014304522
2025-06-17 10:00:00,-0.0010395144,-0.002364982,-0.000178808,-0.022191955,-0.0009447477
2025-06-17 11:00:00,-0.0075784875,-0.0014358051,-0.00026361167,-0.008811172,-0.0013646093
2025-06-17 12:00:00,-0.005380539,-0.004148353,-0.0001471673,-0.009413378,-0.00086335803
2025-06-17 13:00:00,-0.0074713556,-0.0036104955,-0.00024949474,-0.011025254,-0.00068273174
2025-06-17 14:00:00,-0.0060145883,-0.004589133,-0.00022546019,-0.0039269584,-0.0006680895
2025-06-17 15:00:00,-0.0076617105,-0.0011605881,-0.00027363573,-0.0041983384,-0.00038673275
2025-06-17 16:00:00,-0.008891031,-0.0028106943,-0.00046826544,-0.0026537904,-0.0003896458
2025-06-17 17:00:00,-0.011870756,-0.002231434,-0.00037831653,0.008109214,3.2529933e-06
2025-06-17 18:00:00,-0.010066612,-0.010713093,0.00036537452,0.03753306,-0.00016126886
2025-06-17 19:00:00,0.0025542444,-0.005182149,0.00079567556,0.034196164,-0.00013950001
2025-06-17 20:00:00,-0.008544989,-0.0047961846,0.00081776443,0.0033898747,-0.0022340408
2025-06-17 21:00:00,-0.008932343,-0.002516996,0.00046014405,-0.0071316124,-0.0051379604
2025-06-17 22:00:00,-0.014943278,-0.0063649006,0.00022609389,0.005830905,-0.0030667488
2025-06-17 23:00:00,-0.0032484094,-0.0041523725,-9.719428e-06,0.030514156,-0.006064542
2025-06-18 00:00:00,-0.011362572,-0.005838409,3.930679e-05,0.020854102,-0.0027151653
2025-06-18 01:00:00,-0.007310207,0.0046604015,-0.0010891167,-0.031123912,-0.001531602
2025-06-18 02:00:00,-0.0023323903,0.0022811443,-0.00032942314,-0.049103856,-5.6173652e-05
2025-06-18 03:00:00,-0.0031042234,0.002494391,-0.00048930966,-0.062124103,-0.0018475276
2025-06-18 04:00:00,-0.0013152772,0.0010909811,-0.002174133,-0.06548917,-0.002327438
2025-06-18 05:00:00,-0.0004007608,0.0007891804,-0.0018057639,-0.058197476,-0.0022983165
2025-06-18 06:00:00,0.00060592254,0.0008300692,-0.002098128,-0.05578532,-0.0024219127
2025-06-18 07:00:00,0.0006632622,0.001939673,-0.0033738906,-0.062286958,-0.0028237528
2025-06-18 08:00:00,-0.00023767224,0.0011697263,-0.0067127845,-0.04396057,-0.0040396564
2025-06-18 09:00:00,-4.4622575e-05,0.001387082,-0.0034272484,-0.03693991,-0.0015796534
2025-06-18 10:00:00,-0.00024545437,0.0021660104,-0.0028424805,-0.05027961,-0.00047233945
2025-06-18 11:00:00,-0.0010793252,0.0034883693,-0.003310295,-0.052246593,-7.276307e-06
2025-06-18 12:00:00,-0.0026124176,-8.652732e-05,-0.004044087,-0.037858583,-0.00019609381
2025-06-18 13:00:00,0.0015967581,0.004115239,-0.0017362734,-0.04282956,0.00025883422
2025-06-18 14:00:00,-0.00048293232,0.0028281808,-0.0017938429,-0.016587554,0.0011141613
2025-06-18 15:00:00,-0.00056024303,7.780269e-05,-0.0023589511,-0.017703172,-0.0002592483
2025-06-18 16:00:00,0.00028261112,0.001392208,-0.0003933071,-0.04229887,-0.00029202516
2025-06-18 17:00:00,-0.00019815553,0.0020582266,-0.00041544694,-0.044618156,-0.00059525843
2025-06-18 18:00:00,-0.0017085146,-0.0024435185,-0.00046478666,-0.044788036,-0.0005471583
2025-06-18 19:00:00,0.0009921152,0.0007038489,-0.00052103406,0.00069303095,-0.00014173845
2025-06-18 20:00:00,-0.0019168529,-0.0047681704,-0.00045047686,-0.012066839,-0.00030172628
2025-06-18 21:00:00,-0.000101382495,-0.0010595061,-0.00037999297,0.024813278,4.3022796e-05
2025-06-18 22:00:00,0.0019411257,0.0043614022,0.00015484233,-0.026930096,-0.00044463482
2025-06-18 23:00:00,-0.0023539183,0.0034125298,-0.0003346653,-0.10624736,-0.00015333062
2025-06-19 00:00:00,0.00011352787,0.001216948,-0.0009961424,-0.056639172,-0.0020505292
2025-06-19 01:00:00,0.00054068945,0.004502315,-0.0005691465,-0.08359,-0.00021093083
2025-06-19 02:00:00,0.00065062114,0.0058113337,-0.0002134103,-0.063442305,0.00060089247
2025-06-19 03:00:00,0.0010854522,0.001592908,-0.00034718658,-0.074785404,0.0007143419
2025-06-19 04:00:00,-0.00038818864,0.0056927726,-0.00035437196,-0.041621752,0.0001064915
2025-06-19 05:00:00,0.0008998426,0.004221283,-0.00014469611,-0.03383638,0.00030070206
2025-06-19 06:00:00,0.00045806647,0.0042623095,-0.00027328255,-0.035864428,0.00016772293
2025-06-19 07:00:00,0.00034822884,0.0035313815,-0.00027912477,-0.04763866,0.00048011384
2025-06-19 08:00:00,-6.782997e-05,0.002359908,-0.00032468658,-0.04788192,0.00023474812
2025-06-19 09:00:00,0.00011774211,0.003404174,-0.00025345304,-0.030030789,0.00031978905
2025-06-19 10:00:00,0.00048284826,0.0029544942,-0.00024668043,-0.02333055,0.00012821087
2025-06-19 11:00:00,0.00076493656,0.0009878129,-0.00027063774,-0.023480484,-7.754273e-05
2025-06-19 12:00:00,0.00039327575,0.00040165335,-0.0003464999,-0.014195807,-0.00021207018
2025-06-19 13:00:00,0.00029234483,-0.0115776025,-0.0003732536,-0.021851953,-0.00012356427
2025-06-19 14:00:00,-5.0697592e-05,-0.010250986,-0.0003480998,-0.009137766,0.0002317807
2025-06-19 15:00:00,-0.0003921209,-0.016748078,-0.00033146227,-0.013820449,0.0003083822
2025-06-19 16:00:00,-0.00053427357,-0.017817061,-0.00035086725,0.0016637465,0.000262117
2025-06-19 17:00:00,-0.0002042671,-0.014677502,-0.00026340756,0.013092613,0.0002789687
2025-06-19 18:00:00,-0.001232233,-0.012216046,-0.0003093645,-0.021752046,0.00053088483
2025-06-19 19:00:00,0.0002536046,-0.0021275915,-0.0002762022,0.017627392,9.3577546e-05
2025-06-19 20:00:00,-0.0023618368,-0.008143857,-0.00029311382,-0.061704803,0.00032072666
2025-06-19 21:00:00,-0.004892322,-0.0059222057,-0.00053072016,0.0013253896,0.00032211223
2025-06-19 22:00:00,-0.0013991838,-0.0059259683,-0.00034475213,-0.021757701,4.2189145e-05
2025-06-19 23:00:00,-0.0009983975,0.0009909943,-0.00038004978,-0.053849205,0.00030354538
2025-06-20 00:00:00,0.002374068,0.0040786862,-0.0006254846,-0.062904716,1.8706545e-05
2025-06-20 01:00:00,-0.000301747,-0.00046876073,-0.00051034085,-0.08353589,0.0013334069
2025-06-20 02:00:00,-0.0012196734,0.0026310422,-0.0004847978,-0.042241707,0.0013458935
2025-06-20 03:00:00,-0.0008830143,-1.899153e-05,-0.0003363358,-0.031649895,0.0013664035
2025-06-20 04:00:00,-0.0019308032,0.0014920235,-0.00043070095,-0.030781457,0.001226248
2025-06-20 05:00:00,-0.0027791895,0.0004434511,-0.00016460511,-0.024431942,0.000976383
2025-06-20 06:00:00,-0.0032068314,-0.0037581474,-0.0002146707,-0.040588133,0.0013604644
2025-06-20 07:00:00,-0.00404121,0.0041289106,-0.00020161612,-0.032045946,0.00074090215
2025-06-20 08:00:00,-0.0024631387,0.0069775507,2.4923007e-05,-0.004647236,0.0006994271
2025-06-20 09:00:00,-0.002168147,0.005248055,-0.00018686289,-0.0007859391,-0.00012283365
2025-06-20 10:00:00,-0.0017366161,0.0009624362,-0.00025528087,-0.018222855,-3.5914243e-05
2025-06-20 11:00:00,-0.0020308401,0.0018723682,-0.00042224463,-0.026727151,-0.00041487126
2025-06-20 12:00:00,-0.0006516833,-0.001793772,-0.00034201538,-0.0077184956,-0.00038281747
2025-06-20 13:00:00,-0.00017028803,-0.0013751388,-0.00028436515,-0.011323089,-0.0004354352
2025-06-20 14:00:00,-0.0005406678,-0.002331175,-0.0003122773,-0.0036962943,-0.0010233467
2025-06-20 15:00:00,0.00069047685,-0.007145606,-0.00011381286,0.006197369,2.9114191e-05
2025-06-20 16:00:00,-0.002520755,-0.022313591,-0.000270923,-0.0040911357,-0.00086605
2025-06-20 17:00:00,0.0008017252,-0.011435568,5.2553776e-05,0.0024305733,-0.00090780074
2025-06-20 18:00:00,0.009687704,0.0028423667,0.0010303971,0.009010216,0.0014348668
2025-06-20 19:00:00,-0.008093149,-0.012769919,0.00019137652,-0.007179595,0.0002767028
2025-06-20 20:00:00,0.019642428,-0.00061768666,0.00041891474,0.01970204,0.00020784477
2025-06-20 21:00:00,0.014528247,-0.004974261,0.0003214112,0.027032716,3.202574e-05
2025-06-20 22:00:00,8.4831845e-07,3.1214207e-05,0.00021227109,0.006033624,-0.00023327325
2025-06-20 23:00:00,0.0008831945,-0.0016740598,0.0003880177,-0.0045911795,0.00019964122
2025-06-21 00:00:00,-0.023612993,-0.010411035,0.00014419737,0.02731974,0.00037497503
2025-06-21 01:00:00,-0.008210859,0.003536962,8.917987e-05,0.0027625796,0.0008799077
2025-06-21 02:00:00,-0.017934391,-0.0006118342,-0.00012689258,-0.015547907,0.0012697808
2025-06-21 03:00:00,-0.021008726,0.0013581514,-0.00024236745,-0.018375369,0.0009944732
2025-06-21 04:00:00,-0.015388588,0.00076398626,-0.00022825316,-0.0083228955,0.0012369116
2025-06-21 05:00:00,-0.011063299,0.0017669611,-0.0003264015,-0.01838717,0.001345154
2025-06-21 06:00:00,-0.010446633,0.00030673295,-0.00029213808,-0.012248732,0.0014829498
2025-06-21 07:00:00,-0.010144486,0.000973396,-0.0002440517,-0.015917633,0.0013274684
2025-06-21 08:00:00,-0.006779949,0.0020804964,-0.00024957815,-0.001872068,0.0010341408
2025-06-21 09:00:00,-0.0085881185,0.0011132322,-0.00026328774,-0.016995687,0.0010922939
2025-06-21 10:00:00,-0.0061323754,0.0027056225,-0.00022949776,-0.0017364451,0.0007153186
2025-06-21 11:00:00,-0.005942617,0.0026048385,-0.00028350553,-0.008507354,0.0005332136
2025-06-21 12:00:00,-0.0069396337,0.0010694787,-0.0003913864,-0.023019517,0.000650647
2025-06-21 13:00:00,-0.0043910574,0.0023394227,-0.00043021978,-0.008996023,0.000118336524
2025-06-21 14:00:00,-0.004744437,0.0013792962,-0.00077872805,-0.0070954277,0.00014304789
2025-06-21 15:00:00,-0.0069063813,-0.0039759614,-0.0008482055,-0.01628417,-9.662472e-06
2025-06-21 16:00:00,-0.0042487103,-0.0006365217,-0.0010909332,-0.020736853,-0.00043009373
2025-06-21 17:00:00,-0.003809901,-0.0014899522,-0.00061569,-0.011161564,-7.996766e-05
2025-06-21 18:00:00,-0.003677133,-0.003675785,-0.00092424056,-0.016959041,-0.00042196887
2025-06-21 19:00:00,-0.005362334,-0.0043523572,-0.0023701282,-0.018645404,-0.00060869206
2025-06-21 20:00:00,-0.004175517,-0.0064307638,-0.0032463165,-0.0037839094,-0.00023189688
2025-06-21 21:00:00,-0.0022672173,-0.00636103,-0.0036792469,-0.013252331,-0.0002884866
2025-06-21 22:00:00,0.0066007264,0.0062130615,-0.0010531989,-0.025935264,0.0034400877
2025-06-21 23:00:00,-0.017710613,-0.013997089,-0.0033662687,-0.014407398,-0.0007186952
2025-06-22 00:00:00,0.008636823,-0.012140755,0.001874707,0.017152915,0.0017961513
2025-06-22 01:00:00,-0.0064361785,0.0009645559,-0.0056849443,-0.02652719,0.0025697658
2025-06-22 02:00:00,-0.019154027,-0.0064022057,-0.013743931,-0.019727118,0.0020452668
2025-06-22 03:00:00,-0.019080957,-0.01359687,-0.01723345,-0.031753726,0.00096613483
2025-06-22 04:00:00,-0.017184215,-0.012182515,-0.02160587,-0.0017837572,0.0015253833
2025-06-22 05:00:00,-0.01628133,-0.008500405,0.004493196,-0.031848717,0.001168915
2025-06-22 06:00:00,-0.014438807,-0.0023801029,0.016558412,-0.020166239,0.0007234897
2025-06-22 07:00:00,-0.017563425,-0.0043496303,0.01342737,-0.028637426,0.0006728107
2025-06-22 08:00:00,-0.013874234,-0.0035619326,-0.017475493,-0.024643118,0.00021894404
2025-06-22 09:00:00,-0.016557246,-0.010723591,-0.0096523445,-0.019823154,-0.00060694164
2025-06-22 10:00:00,-0.006406539,-0.0021719225,-0.017820727,-0.00903509,-0.00022250845
2025-06-22 11:00:00,-0.020691363,-0.0138680115,-0.032379784,-0.01933212,0.0003609229
2025-06-22 12:00:00,-0.00894712,-0.0018265843,0.021800857,-0.022681661,0.0004144084
2025-06-22 13:00:00,-0.003302888,-0.0028106682,0.022771334,-0.0015732513,0.00012956723
2025-06-22 14:00:00,0.0011956895,0.0047660805,0.0062524783,-0.013159616,0.0010748263
2025-06-22 15:00:00,-0.025085006,-0.020213302,-0.03863176,0.016260887,-0.0010668306
2025-06-22 16:00:00,0.024402257,-0.0073214546,-0.01174165,0.014959777,0.0023305588
2025-06-22 17:00:00,0.011491801,-0.009753071,-0.024317088,-0.034652118,0.0017796769
2025-06-22 18:00:00,0.013556697,-0.010342836,-0.011442515,-0.0022495592,-0.000857768
2025-06-22 19:00:00,0.004461781,-0.0028202198,-0.014684807,-0.018954912,-0.00047788327
2025-06-22 20:00:00,-0.038582463,-0.015840858,-0.018137546,-0.03155769,-0.002583228
2025-06-22 21:00:00,-0.023569403,-0.026711106,-0.015851315,-0.0011096688,-0.0047142534
2025-06-22 22:00:00,0.009814764,-0.014735479,-0.008383107,-0.012529278,-0.0037704036
2025-06-22 23:00:00,-0.032153245,-0.018880077,-0.024298433,-0.06072513,-0.003411429
2025-06-23 00:00:00,0.0036821133,-0.013227135,0.00020184214,-0.014588516,-0.004287193
2025-06-23 01:00:00,-0.027544027,-0.0022988692,-0.02171614,0.010648051,-0.0008101432
2025-06-23 02:00:00,-0.016257595,0.0031949952,-0.0067076264,-0.008276969,-0.0019822903
2025-06-23 03:00:00,0.0019758819,0.0036344342,0.002176738,-0.0024791842,-0.000928966
2025-06-23 04:00:00,-0.0047900537,0.0022933707,-0.0011764789,-0.020510329,-0.0006552093
2025-06-23 05:00:00,-0.0008759304,0.0023949966,0.00066339306,-0.02848887,-0.00109072
2025-06-23 06:00:00,-0.000947307,0.0013355911,0.00420222,-0.0042327694,-0.0018818813
2025-06-23 07:00:00,0.0012642414,0.0017161705,0.0058881603,-0.0012688914,-0.0013094348
2025-06-23 08:00:00,-0.0013115528,0.0029883757,0.0020828138,-0.010001486,-0.00091726857
2025-06-23 09:00:00,0.00323469,0.0027298331,0.0006362278,-0.019593954,-0.00079953496
2025-06-23 10:00:00,0.0063948715,0.0024932548,-0.0003058707,-0.01991042,-0.00040001993
2025-06-23 11:00:00,0.0022063535,0.0034068227,-0.0023747028,-0.02652819,-0.00043507817
2025-06-23 12:00:00,-0.00031046115,0.0020818263,-0.00066542206,-0.024474483,-0.0005468357
2025-06-23 13:00:00,-0.0012334661,0.0013840795,0.0011271009,-0.015285896,-0.0007395769
2025-06-23 14:00:00,-0.00406736,0.0043960884,0.0025168862,-0.0023867635,-0.00072347664
2025-06-23 15:00:00,0.0029122056,0.00073346496,0.002876829,0.005638568,-0.00085969886
2025-06-23 16:00:00,0.0041077854,0.004163325,0.0005657044,-0.049501687,-0.0009218763
2025-06-23 17:00:00,0.0024409527,-0.004909225,-1.8359307e-05,-0.023002455,-0.005769836
2025-06-23 18:00:00,-0.0016389509,-0.0020830743,0.0010581856,0.004607489,-0.004986179
2025-06-23 19:00:00,-0.0016113297,0.005006768,0.0029254695,0.039489087,-0.0054044686
2025-06-23 20:00:00,0.011554541,0.004947774,0.0038321924,0.042763095,-0.002770824
2025-06-23 21:00:00,-0.009977738,0.0073357,0.0007707962,-0.016325416,-0.00055950077
2025-06-23 22:00:00,-0.0031748535,0.009476192,0.0015386378,0.010299293,-0.0009862086
2025-06-23 23:00:00,-0.009156636,0.01858427,0.0041167154,0.0237519,0.0015068677
2025-06-24 00:00:00,0.0048686257,0.0025495365,0.0018074735,0.0057506603,-0.0019487076
2025-06-24 01:00:00,0.014523547,0.009939034,0.0020332169,0.010710792,-0.0009906773
2025-06-24 02:00:00,0.005361353,0.006387394,0.00012091707,0.0018429423,-0.0006101002
2025-06-24 03:00:00,0.0013280258,0.0058587044,0.0007247495,0.00045370247,-0.0009189198
2025-06-24 04:00:00,-0.0007920145,0.009416826,0.00020311188,-0.0019922985,-0.001054403
2025-06-24 05:00:00,-0.0045693093,0.005218804,0.0003651945,-0.0012525001,-0.0022533513
2025-06-24 06:00:00,-0.002568869,0.0092075765,0.0009974139,-0.005407266,-0.0018001968
2025-06-24 07:00:00,-0.003904243,0.0037698597,0.0008944626,-0.008786224,-0.0024197553
2025-06-24 08:00:00,0.00091593235,0.0025129467,0.00051064545,-0.004637579,-0.002151486
2025-06-24 09:00:00,-0.004128889,0.0093772635,-0.0009793632,0.0012446602,-0.0028757215
2025-06-24 10:00:00,-0.007977606,-0.0008278191,0.00010605299,0.0073957522,-0.0028374288
2025-06-24 11:00:00,-0.004320926,0.00317128,0.0010403185,-0.0013920458,-0.0025167856
2025-06-24 12:00:00,-0.0071434556,0.0036484748,0.00035098995,-0.018234601,-0.0025724052
2025-06-24 13:00:00,-0.0076778224,0.00065291673,-3.371181e-05,-0.017188167,-0.0035185227
2025-06-24 14:00:00,0.00010871969,-0.0022084191,4.9500115e-05,-0.009526543,-0.0031345384
2025-06-24 15:00:00,0.0034990618,3.441423e-05,6.270624e-06,-0.006928437,-0.002960675
2025-06-24 16:00:00,0.01065375,-0.0032665804,0.0002756718,0.006702459,-0.0029785577
2025-06-24 17:00:00,0.0036057876,0.0018980578,-3.3183867e-05,-0.00024999742,-0.0021223086
2025-06-24 18:00:00,0.018939547,-0.0030110031,0.00042081138,0.01737316,-0.003686387
2025-06-24 19:00:00,0.008166113,0.0037699044,-0.00034349566,-0.0075852093,-0.0032391925
2025-06-24 20:00:00,0.0070351446,0.0012806132,-0.0009672495,0.022004887,-0.007385214
2025-06-24 21:00:00,-8.999486e-06,0.00045708567,0.0002626603,0.03156895,-0.0042591444
2025-06-24 22:00:00,0.008533363,0.0032249317,0.00064584916,0.026557857,-0.0022978922
2025-06-24 23:00:00,0.013243035,0.0042453483,-2.1759275e-05,-0.0025997374,-0.0023896033
2025-06-25 00:00:00,0.0059313,0.0041322857,-0.00060613255,0.014763661,-0.0035677557
2025-06-25 01:00:00,0.014765021,0.004596401,-0.0005423245,-0.003038488,-0.0017504758
2025-06-25 02:00:00,0.038292944,0.00015575811,-0.00025247474,-0.012581114,-0.0017953996
2025-06-25 03:00:00,0.039795876,0.0004279241,-0.0004715421,-0.023607038,-0.0017590417
2025-06-25 04:00:00,0.035267495,-0.00013147295,-0.00031717453,-0.022929398,-0.0020384216
2025-06-25 05:00:00,0.038472325,0.0014104322,-2.3028406e-06,-0.024223408,-0.0021954519
2025-06-25 06:00:00,0.034857858,-0.0024305508,-6.04261e-05,-0.0082656015,-0.001675963
2025-06-25 07:00:00,0.0112401,-0.00032512844,3.1582458e-05,-0.00462627,-0.0023138947
2025-06-25 08:00:00,0.02080283,0.0010444894,0.0002442399,0.016872186,-0.0023538442
2025-06-25 09:00:00,0.031191444,-0.0057773963,0.00033587232,0.0014121814,-0.0030266074
2025-06-25 10:00:00,0.030917656,-0.008544758,-4.3273e-05,-0.010227229,-0.0027100248
2025-06-25 11:00:00,0.006057023,-0.0046259463,3.8674363e-05,0.019337421,-0.0026810253
2025-06-25 12:00:00,0.019326517,-0.0058687627,0.00048714454,0.016108913,-0.002108022
2025-06-25 13:00:00,0.031556375,-0.0029565096,0.0003332677,0.009329283,-0.002865931
2025-06-25 14:00:00,0.008201737,-0.0026788265,-5.3195487e-05,0.0007963444,-0.0016810695
2025-06-25 15:00:00,0.022111855,-0.004550867,0.00017095401,0.028912943,-0.0034728036
2025-06-25 16:00:00,0.049226098,-0.007637419,0.00036124742,-0.006162168,-0.0033690408
2025-06-25 17:00:00,0.012887052,-0.018068992,-0.00016989095,0.008640444,-0.006010904
2025-06-25 18:00:00,0.028787732,-0.013847619,0.00028673935,0.029302623,-0.0036895564
2025-06-25 19:00:00,0.03585955,-0.008928187,0.00042713524,0.025022918,-0.0026361183
2025-06-25 20:00:00,0.011947515,-0.00847315,7.0681446e-05,-0.003889689,-0.0018793364
2025-06-25 21:00:00,0.025586903,0.0042605326,-0.0001616012,0.024074284,-0.0028042048
2025-06-25 22:00:00,0.037469752,-0.001530584,2.88554e-05,0.002370043,-0.0023351656
2025-06-25 23:00:00,0.024854794,-0.010288432,-0.000146549,0.020333553,-0.0031232582
2025-06-26 00:00:00,0.02542226,-0.015320666,-8.523697e-05,0.017854242,-0.0019305804
2025-06-26 01:00:00,0.018518494,0.00023257732,-0.00014756472,0.021715498,-0.0011798582
2025-06-26 02:00:00,0.02871009,0.0026244596,-9.8942284e-05,-0.0058874837,-0.0015333801
2025-06-26 03:00:00,0.038342092,0.00452742,-0.000100769714,-0.00074273505,-0.0019462643
2025-06-26 04:00:00,0.058241766,0.007883687,-0.00012675067,0.0013675673,-0.003321319
2025-06-26 05:00:00,0.06400842,-0.0005727075,-0.00021976714,-0.019375367,-0.00351098
2025-06-26 06:00:00,0.022929806,-0.0033585653,-0.00030787502,-0.01739589,-0.004649525
2025-06-26 07:00:00,0.04168904,-0.0072687715,-0.00011539404,-0.03340079,-0.0031817765
2025-06-26 08:00:00,0.020957284,-0.00075220317,-0.00010344651,-0.018845206,-0.0024752421
2025-06-26 09:00:00,0.03104081,-0.0013468377,-0.00012118346,-0.012297813,-0.0021423288
2025-06-26 10:00:00,0.022981117,-0.008795012,-0.00020542824,-0.02349328,-0.0031310697
2025-06-26 11:00:00,0.013028018,-0.020719819,-0.00029951884,-0.030272776,-0.0018978171
2025-06-26 12:00:00,0.0010507413,-0.018710755,-0.00019747432,-0.022507625,-0.001542241
2025-06-26 13:00:00,0.025403742,-0.012895361,5.242412e-05,-0.00799715,-0.00090550596
2025-06-26 14:00:00,0.025787737,-0.018351208,-0.00017159205,-0.002033783,-0.0011235263
2025-06-26 15:00:00,0.0068238983,-0.030622348,-0.00022482127,-0.0037206241,-0.00035673915
2025-06-26 16:00:00,0.03278562,-0.007209547,-6.75293e-05,0.0103388,-0.00061179197
2025-06-26 17:00:00,0.017970722,-0.016410258,-3.1151983e-05,-0.032742202,-0.00045924564
2025-06-26 18:00:00,0.003087881,-0.0220352,-0.0003732592,-0.0053001824,-0.00032134366
2025-06-26 19:00:00,0.031069864,-0.013822056,-0.00018914166,0.020257529,-0.0005948731
2025-06-26 20:00:00,0.013477391,-0.01736382,-0.00018388679,-0.011521814,-0.0006131927
2025-06-26 21:00:00,0.02870217,-0.0066910535,-0.00027373247,0.008994153,-0.00051811396
2025-06-26 22:00:00,0.026820343,-0.011223849,-0.00023238451,-0.03938759,-0.0004976089
2025-06-26 23:00:00,0.001236488,-0.025304716,-0.00031316202,-0.06696352,-0.0007982935
2025-06-27 00:00:00,0.045605205,-0.022394858,-0.00029179308,-0.063626386,-0.0009718534
2025-06-27 01:00:00,-0.0021289047,-0.006619267,-0.0001407597,-0.0694017,0.00060100644
2025-06-27 02:00:00,-0.015879486,-0.014817648,-0.00014295353,-0.10265261,0.0008352038
2025-06-27 03:00:00,-0.022796432,-0.0007133074,-5.5167067e-05,-0.063714564,0.00065577263
2025-06-27 04:00:00,0.008617233,-0.002495069,-6.809889e-05,-0.052535407,0.0007613296
2025-06-27 05:00:00,-0.013038564,0.0020745844,-0.00032276852,-0.08416825,0.00056581275
2025-06-27 06:00:00,-0.008021087,-0.00013592839,-0.0002874589,-0.072854705,0.00068710186
2025-06-27 07:00:00,-0.011377034,-0.0025608428,-0.00028218882,-0.06267964,0.0008363793
2025-06-27 08:00:00,-0.023781199,0.0031861477,-0.00018752078,-0.0429596,0.0006622686
2025-06-27 09:00:00,-0.01441984,-0.0030303635,-0.00012876836,-0.049000636,0.00088796875
2025-06-27 10:00:00,-0.03486764,0.006000083,-0.00027324804,-0.022553751,0.00052044424
2025-06-27 11:00:00,-0.025303204,-0.0046720356,-0.00024699653,-0.068224385,0.00052121625
2025-06-27 12:00:00,-0.037647475,-0.00021407753,-0.00032048393,-0.03357344,0.00056598044
2025-06-27 13:00:00,-0.036702454,-0.0025140755,-0.00027022118,-0.031885304,0.00047560822
2025-06-27 14:00:00,-0.03771251,-0.005832419,-0.00027914273,-0.038596556,0.0006420283
2025-06-27 15:00:00,-0.04775235,-0.003570851,-0.00021683554,-0.019638313,0.0002553322
2025-06-27 16:00:00,-0.03594384,-0.005766876,-0.00023680032,-0.036077157,0.00049906166
2025-06-27 17:00:00,-0.0464753,0.006400153,-0.00028423814,0.018664483,0.00015883963
2025-06-27 18:00:00,-0.034323726,-0.0086262,-0.00017629241,-0.06271045,0.00021873484
2025-06-27 19:00:00,-0.047163393,-0.022739407,-0.0005652091,-0.001369802,-0.00045633048
2025-06-27 20:00:00,-0.019173529,-0.012133136,-0.000431138,-0.008058788,9.911391e-05
2025-06-27 21:00:00,-0.0010725284,0.0024095885,-9.344923e-05,0.015685083,-0.0006156658
2025-06-27 22:00:00,-0.015255787,0.0032231547,-0.00022070133,-0.030897887,-0.00010100962
2025-06-27 23:00:00,-0.02061341,-0.0012789592,-0.0025381201,-0.027233338,9.208568e-06
2025-06-28 00:00:00,-0.0044806264,-0.0020989515,-0.0011399059,-0.036906116,-0.0003313201
2025-06-28 01:00:00,-0.030118812,0.0040500127,-0.0240551,-0.021775758,0.0013210111
2025-06-28 02:00:00,-0.0067778407,0.0056917816,-0.023665175,-0.024520798,0.00149254
2025-06-28 03:00:00,-0.0063250056,0.007006962,-0.015597637,-0.020885399,0.0014308344
2025-06-28 04:00:00,-0.008221137,0.006190315,-0.0014187087,-0.017269718,0.0013326574
2025-06-28 05:00:00,-0.009112022,0.005798593,-0.0011033259,-0.016823078,0.0011748809
2025-06-28 06:00:00,-0.0029177023,0.004015859,-0.0007087219,-0.020595638,0.0013617494
2025-06-28 07:00:00,-0.0149475215,0.0062714666,-0.00072330073,-0.0128269475,0.001189304
2025-06-28 08:00:00,-0.012720357,0.0042919777,-0.0004859676,-0.012830926,0.00064238603
2025-06-28 09:00:00,-0.011276583,0.00035287812,-0.00051748386,-0.0102740005,0.0007381579
2025-06-28 10:00:00,-0.020382792,-0.0013932437,-0.0007200719,-0.026003176,0.00081280374
2025-06-28 11:00:00,-0.021722585,-0.0033314712,-0.000539053,-0.012367034,0.00035969494
2025-06-28 12:00:00,-0.02792962,-0.0043759495,-0.00047850952,-0.009897923,0.00026876596
2025-06-28 13:00:00,-0.047195554,-0.004841175,-0.00044381665,-0.0074060685,0.00018390385
2025-06-28 14:00:00,-0.040101293,-0.0049768984,-0.00041168474,-0.007647974,8.629507e-05
2025-06-28 15:00:00,-0.052027524,-0.003977068,-0.0004405202,-0.003537474,0.00056940084
2025-06-28 16:00:00,-0.066423014,0.0010738447,-0.00041925051,0.012510756,-0.000111420406
2025-06-28 17:00:00,-0.043213435,0.0010295212,-0.000468965,0.011707919,-0.0006142935
2025-06-28 18:00:00,-0.056661237,0.00034146756,-0.0006060035,0.0034057705,-3.492157e-05
2025-06-28 19:00:00,-0.03543216,-0.011683263,-0.00074980245,-0.010269729,-0.0010346674
