open_time,open,high,low,close,volume
2020-09-18,3.0887,3.1543,2.8178,3.0994,16569.9
2020-09-19,3.096,3.243,2.9742,2.9887,7490.02
2020-09-20,3.0021,3.0021,2.7578,2.7726,3306.51
2020-09-21,2.9239,3.0116,2.53,2.8014,6467.7
2020-09-22,2.7407,2.9979,2.7019,2.9533,14572.4
2020-09-23,2.9317,3.0641,2.7507,2.8457,6412.35
2020-09-24,2.8257,3.25,2.8026,3.1367,7947.02
2020-09-25,3.1258,3.2604,2.9142,3.1925,4992.76
2020-09-26,3.1845,3.2342,3.0444,3.0722,3609.07
2020-09-27,3.1622,3.1747,3.0159,3.1747,1601.16
2020-09-28,3.1376,3.2045,2.924,2.924,2399.51
2020-09-29,3.0072,3.0156,2.883,2.951,2839.08
2020-09-30,2.9409,2.9705,2.8558,2.888,3068.44
2020-10-01,2.9008,2.9877,2.7031,2.8639,2828.24
2020-10-02,2.8515,2.8956,2.4627,2.609,3899.2
2020-10-03,2.6334,2.6581,2.552,2.552,1917.98
2020-10-04,2.5341,2.566,2.4274,2.5271,5558.49
2020-10-05,2.5271,2.6732,2.4753,2.66,5118.83
2020-10-06,2.643,2.643,2.1467,2.1469,5579.9
2020-10-07,2.1446,2.3981,2.1092,2.2997,11466.15
2020-10-08,2.2721,2.4666,2.023,2.3843,40403.38
2020-10-09,2.379,2.602,2.3226,2.5456,18077.56
2020-10-10,2.5453,2.5964,2.4023,2.4186,6444.92
2020-10-11,2.376,2.455,2.3504,2.416,8021.61
2020-10-12,2.46,2.6926,2.46,2.5849,12140.74
2020-10-13,2.54,2.5514,2.3553,2.3962,25034.49
2020-10-14,2.4219,2.4254,2.2464,2.3021,9602.08
2020-10-15,2.2957,2.3225,2.2126,2.2813,4270.51
2020-10-16,2.235,2.2351,2.1275,2.1375,50880.09
2020-10-17,2.1277,2.2341,2.1214,2.1746,3477.75
2020-10-18,2.224,2.2558,2.2019,2.2038,4204.25
2020-10-19,2.2145,2.2145,2.0671,2.0671,4625.66
2020-10-20,2.0513,2.0803,1.8511,1.89,14719.14
2020-10-21,1.9025,2.0953,1.8474,1.928,34510.54
2020-10-22,1.9069,2.0806,1.8618,1.9502,6209.36
2020-10-23,1.9425,1.9823,1.8619,1.9554,7022.68
2020-10-24,1.9514,1.9643,1.8912,1.9161,4068.7
2020-10-25,1.9104,1.9174,1.7423,1.7935,15186.09
2020-10-26,1.7803,1.8663,1.6323,1.6854,8919.34
2020-10-27,1.6863,1.7524,1.5984,1.7205,12545.11
2020-10-28,1.6942,1.7187,1.4576,1.5144,30547.47
2020-10-29,1.5334,1.5724,1.4209,1.4209,8672.33
2020-10-30,1.4356,1.4685,1.347,1.4676,8100.16
2020-10-31,1.4323,1.5306,1.4323,1.528,2717.27
2020-11-01,1.5277,1.637,1.5277,1.637,6134.48
2020-11-02,1.6293,1.6293,1.4722,1.4909,2645.88
2020-11-03,1.4459,1.4671,1.4158,1.4171,6717.58
2020-11-04,1.4054,1.4054,1.2968,1.3876,26062.93
2020-11-05,1.4041,1.4742,1.3424,1.4022,5136.45
2020-11-06,1.4024,1.9416,1.4012,1.9139,21194.76
2020-11-07,1.9142,2.4801,1.8704,2.052,49160.35
2020-11-08,1.9769,2.2618,1.9769,2.1523,18160.85
2020-11-09,2.1495,2.1788,1.9836,2.0444,12886.25
2020-11-10,2.0159,2.3044,2.0159,2.2897,4864.19
2020-11-11,2.2739,2.2918,2.0172,2.0172,2734.59
2020-11-12,1.95,2.0426,1.844,1.8784,6469.96
2020-11-13,1.9063,2.042,1.9063,2.0283,9966.33
2020-11-14,2.003,2.0263,1.8906,1.9212,3277.54
2020-11-15,1.9672,2.2169,1.9282,2.0357,24049.85
2020-11-16,2.0347,2.3666,2.0347,2.264,10586.6
2020-11-17,2.3118,2.3197,2.1312,2.1985,6237.94
2020-11-18,2.216,2.216,2.0176,2.1263,10330.34
2020-11-19,2.1,2.1785,2.0187,2.0488,5588.36
2020-11-20,2.0845,2.224,2.0557,2.1272,2439.31
2020-11-21,2.1368,2.4901,2.0483,2.3608,12010.44
2020-11-22,2.4043,2.4043,2.0962,2.1502,6994.03
2020-11-23,2.1735,2.3528,2.1367,2.2895,14798.44
2020-11-24,2.2568,2.4481,2.1406,2.2342,8820.79
2020-11-25,2.3019,2.4855,2.2014,2.2489,5108.66
2020-11-26,2.2931,2.2978,1.7133,1.8639,22657.99
2020-11-27,1.9172,1.9629,1.7887,1.855,6461.72
2020-11-28,1.8522,1.929,1.8076,1.8857,3757.14
2020-11-29,1.8731,1.9456,1.864,1.918,1222.64
2020-11-30,1.9379,2.0095,1.9117,1.9702,1724.26
2020-12-01,1.9617,2.1461,1.92,1.9898,3540.59
2020-12-02,1.9531,2.1891,1.9531,2.1184,5901.64
2020-12-03,2.1106,2.2217,2.091,2.091,5658.43
2020-12-04,2.1047,2.1047,1.8473,1.8473,20110.35
2020-12-05,1.8501,1.9838,1.8435,1.9838,3672.88
2020-12-06,1.9778,1.9778,1.8221,1.8467,7333.59
2020-12-07,1.8458,1.8838,1.8222,1.8428,8312.06
2020-12-08,1.825,1.825,1.6436,1.6606,7079.67
2020-12-09,1.6633,1.6633,1.5095,1.635,9845.18
2020-12-10,1.6522,1.6547,1.5444,1.6104,6558.53
2020-12-11,1.5311,1.5311,1.4361,1.4486,4748.45
2020-12-12,1.4866,1.5187,1.4611,1.4926,2174.5
2020-12-13,1.4767,1.6464,1.4633,1.5686,8834.64
2020-12-14,1.5767,1.6129,1.5282,1.5784,3601.02
2020-12-15,1.6365,1.7888,1.6328,1.7203,9312.02
2020-12-16,1.7118,1.7849,1.6399,1.7838,15842.49
2020-12-17,1.8031,1.8031,1.6449,1.6766,5148.71
2020-12-18,1.6535,1.6963,1.6452,1.6931,4819.42
2020-12-19,1.6937,1.7623,1.6703,1.6707,9092.76
2020-12-20,1.6591,1.6817,1.524,1.5575,10903.41
2020-12-21,1.5624,1.62,1.5,1.5513,1947.89
2020-12-22,1.5368,1.5805,1.4753,1.4833,6948.32
2020-12-23,1.5144,1.5144,1.0818,1.2012,30481.58
2020-12-24,1.1772,1.3829,1.1725,1.3598,10804.66
2020-12-25,1.3576,1.4594,1.3576,1.4456,10527.93
2020-12-26,1.4281,1.4281,1.3156,1.326,3511.9
2020-12-27,1.3236,1.4139,1.2695,1.3189,11145.62
2020-12-28,1.3362,1.5216,1.331,1.5216,9957.17
2020-12-29,1.5249,1.7327,1.4463,1.6346,27093.34
2020-12-30,1.638,1.6635,1.53,1.5326,15055.19
2020-12-31,1.5258,1.5557,1.4335,1.4913,9233.61
2021-01-01,1.5144,1.852,1.5144,1.8455,21651.85
2021-01-02,1.8166,2.0,1.7299,1.7955,46078.01
2021-01-03,1.8228,2.3777,1.8043,2.1682,106665.66
2021-01-04,2.1986,2.4932,1.8942,2.4924,94388.0
2021-01-05,2.4627,2.4855,2.0785,2.1561,45673.25
2021-01-06,2.1582,2.1738,1.9464,1.97,153893.69
2021-01-07,1.9701,2.6261,1.9701,2.3734,222270.85
2021-01-08,2.3734,3.8037,2.2102,3.2163,286701.18
2021-01-09,3.2255,3.6761,2.9394,3.3823,106757.17
2021-01-10,3.403,3.7357,3.1804,3.4578,78370.54
2021-01-11,3.441,3.5175,2.6645,3.15,47183.71
2021-01-12,3.15,4.1,3.1483,3.86,32810.3
2021-01-13,3.86,7.9,3.3866,3.8129,68128.83
2021-01-14,3.8129,4.1999,3.3634,3.64,22960.36
2021-01-15,3.587,4.165,2.9918,3.2521,55007.04
2021-01-16,3.2423,3.6978,3.2423,3.4516,87202.83
2021-01-17,3.4318,4.05,3.3334,3.8301,85042.6
2021-01-18,3.8276,4.1032,3.6838,3.7826,48137.71
2021-01-19,3.7846,4.0319,3.6016,3.6516,56541.67
2021-01-20,3.6211,3.7999,3.3467,3.7207,64064.61
2021-01-21,3.7104,3.7104,3.0024,3.0093,48822.72
2021-01-22,3.0093,3.4998,2.7596,3.3531,65595.52
2021-01-23,3.3345,3.6101,3.3157,3.5202,20309.59
2021-01-24,3.5046,3.783,3.5046,3.625,18708.18
2021-01-25,3.625,3.9799,3.45,3.7037,95769.5
2021-01-26,3.6983,4.1006,3.6764,4.0472,71405.98
2021-01-27,4.0362,4.0417,3.54,3.7021,30803.59
2021-01-28,3.6829,3.95,3.6198,3.8272,34367.26
2021-01-29,3.8373,3.8866,3.6416,3.8401,28229.48
2021-01-30,3.8454,4.3294,3.7653,4.2368,60720.72
2021-01-31,4.2508,4.7814,4.1086,4.2637,72322.86
2021-02-01,4.2566,4.6,4.1134,4.6,28550.24
2021-02-02,4.6,5.4097,4.4867,5.283,68985.26
2021-02-03,5.2831,5.7781,5.0857,5.7273,58864.02
2021-02-04,5.7273,6.5615,5.6104,6.4271,85977.03
2021-02-05,6.427,7.1355,6.427,6.6829,83059.94
2021-02-06,6.702,6.8089,5.7183,6.1028,106857.73
2021-02-07,6.1027,6.999,5.7457,6.6833,56581.84
2021-02-08,6.6728,8.5889,6.4843,7.9187,85353.8
2021-02-09,7.9187,8.8756,7.6024,7.8703,67334.91
2021-02-10,7.8516,9.2499,7.5775,9.0833,81395.12
2021-02-11,9.0833,9.9262,8.7927,9.2562,62740.86
2021-02-12,9.2372,9.8913,9.0872,9.202,44980.43
2021-02-13,9.2706,9.6208,8.6592,8.7502,58373.88
2021-02-14,8.7793,9.2499,8.5488,8.7384,57188.72
2021-02-15,8.7384,9.3259,7.5149,8.8268,79960.53
2021-02-16,8.8272,9.0191,7.9699,8.3188,43602.93
2021-02-17,8.2463,8.4422,7.5479,8.232,42545.29
2021-02-18,8.2609,9.2827,8.1879,8.98,38426.01
2021-02-19,8.98,11.9371,8.5227,11.5016,139105.25
2021-02-20,11.4999,12.5332,9.7883,9.9876,85687.55
2021-02-21,9.9798,12.1626,9.9116,11.0837,54335.14
2021-02-22,11.0837,15.3846,9.0396,14.4651,268927.36
2021-02-23,14.4651,16.5,11.5787,15.2677,344211.46
2021-02-24,15.2531,18.2413,14.7541,17.2907,145265.15
2021-02-25,17.2907,17.7146,13.7979,13.8075,64366.68
2021-02-26,13.79,15.4875,13.1125,13.5817,116704.37
2021-02-27,13.5985,14.6419,13.0556,13.1839,55032.67
2021-02-28,13.1387,14.6029,11.4768,13.3905,59898.77
2021-03-01,13.2613,20.0,13.2613,15.1574,52604.33
2021-03-02,15.0035,16.05,13.4984,13.9683,48321.94
2021-03-03,13.9243,14.8498,13.771,14.1406,53262.74
2021-03-04,14.1164,14.3,12.6655,13.0935,29309.2
2021-03-05,13.0581,13.0884,12.1603,12.5624,15365.85
2021-03-06,12.6247,13.3787,11.8848,13.0752,25036.04
2021-03-07,13.0751,13.9936,12.6929,13.8356,22042.83
2021-03-08,13.7961,13.87,13.0631,13.6174,24705.13
2021-03-09,13.6335,15.0062,13.2841,14.8223,39973.47
2021-03-10,14.862,15.2267,14.0299,14.1916,35263.18
2021-03-11,14.1869,16.3156,13.6902,16.002,67473.55
2021-03-12,16.0472,16.5122,14.096,14.5853,52455.02
2021-03-13,14.5853,15.6931,13.925,15.3178,37311.84
2021-03-14,15.2983,15.3603,14.3631,14.5352,10104.52
2021-03-15,14.4671,14.8141,13.6358,14.1447,23830.46
2021-03-16,14.2492,14.2492,13.25,13.6358,28123.01
2021-03-17,13.6688,14.24,13.0714,14.2095,17491.51
2021-03-18,14.2524,14.7317,14.0096,14.2164,25937.6
2021-03-19,14.1924,14.5179,13.712,14.1354,29437.07
2021-03-20,14.1767,14.966,14.1067,14.1872,22105.3
2021-03-21,14.1706,14.3439,13.659,14.3129,22349.58
2021-03-22,14.3523,16.6941,14.1586,14.7954,120273.68
2021-03-23,14.804,15.2251,14.0559,14.2049,29236.55
2021-03-24,14.26,15.3391,13.6,13.6,39079.21
2021-03-25,13.5735,13.6803,12.5712,12.9479,44929.16
2021-03-26,13.066,14.7689,12.1,14.7454,48495.87
2021-03-27,14.7953,16.8083,14.7365,16.4313,56432.42
2021-03-28,16.5441,19.3603,16.3333,18.0577,125048.56
2021-03-29,18.1269,19.0111,17.6646,18.9338,59334.22
2021-03-30,18.9338,20.8638,18.9137,19.0924,62496.27
2021-03-31,19.1455,19.8201,18.0944,19.3965,46198.45
2021-04-01,19.4282,20.3326,18.7758,19.0294,70301.16
2021-04-02,19.0465,19.7908,18.5198,19.7489,46701.4
2021-04-03,19.7912,23.8,19.711,22.4172,186189.95
2021-04-04,22.4503,25.518,22.0528,23.8924,148961.38
2021-04-05,23.8179,24.677,22.7741,23.0037,104634.58
2021-04-06,23.0219,25.2938,21.8824,25.0722,154940.67
2021-04-07,25.1007,28.0,22.9663,26.4541,260513.53
2021-04-08,26.5844,27.9614,25.6643,27.0,123173.66
2021-04-09,26.8759,28.972,26.7476,27.6707,122082.51
2021-04-10,27.6673,28.2457,26.0,26.8361,78424.62
2021-04-11,26.7093,28.6574,25.5554,27.8363,66917.0
2021-04-12,27.8792,29.8879,26.8458,28.5443,108459.38
2021-04-13,28.6106,28.786,26.412,27.4445,57753.35
2021-04-14,27.4814,27.4814,24.7417,26.423,144609.43
2021-04-15,26.4262,28.2013,25.499,27.7903,83468.6
2021-04-16,27.8451,28.2295,24.5456,25.3358,87821.22
2021-04-17,25.3245,26.761,24.8044,24.8528,92967.63
2021-04-18,24.8574,32.958,21.0768,32.3092,529080.79
2021-04-19,32.4162,36.0,29.1997,31.531,483728.76
2021-04-20,31.5669,32.6558,28.6,31.798,305566.57
2021-04-21,31.7268,35.1015,30.1778,32.5406,291380.61
2021-04-22,32.6666,41.4964,31.4642,38.9397,463652.61
2021-04-23,38.9397,41.6304,31.579,37.2299,439703.45
2021-04-24,37.2635,43.6297,34.695,40.8535,333256.73
2021-04-25,41.0156,48.5879,40.61,47.4587,394783.91
2021-04-26,47.6982,48.473,43.1412,43.8929,321277.17
2021-04-27,43.8606,46.592,42.5502,43.1908,205177.83
2021-04-28,43.1457,46.9168,40.6255,44.9067,247344.66
2021-04-29,44.8296,46.1764,40.9741,42.6307,193306.9
2021-04-30,42.5325,44.3043,41.2633,42.8142,201649.58
2021-05-01,42.7198,49.8164,42.0,49.4839,199295.9
2021-05-02,49.7818,49.9,45.9639,46.9396,129063.69
2021-05-03,46.9148,49.0355,44.8248,45.9107,160728.46
2021-05-04,45.9329,47.7801,42.1486,42.6532,138604.54
2021-05-05,42.64,45.972,42.3381,44.9258,122152.92
2021-05-06,44.9447,44.9604,42.654,43.631,54846.37
2021-05-07,43.5476,46.1793,41.4464,43.1848,94013.05
2021-05-08,43.1848,46.5908,42.307,45.6331,77222.72
2021-05-09,45.6988,47.13,42.8891,44.37,78975.12
2021-05-10,44.2898,45.8812,39.5182,42.8552,75533.22
2021-05-11,42.8924,45.148,39.768,44.5542,86674.58
2021-05-12,44.5542,49.2023,42.0935,43.3844,265019.67
2021-05-13,43.3271,45.4379,37.4919,41.0423,215412.52
2021-05-14,40.9684,44.885,39.9828,42.7517,91563.27
2021-05-15,42.6867,45.4437,39.3739,43.4581,95180.11
2021-05-16,43.5789,52.4405,41.9187,46.8419,303408.89
2021-05-17,46.9274,51.9124,43.1578,46.743,394970.45
2021-05-18,46.6,58.3149,46.1552,56.0146,325192.72
2021-05-19,56.0276,57.59,27.5,35.0311,645194.7
2021-05-20,35.0311,51.5392,31.8653,44.4358,558231.36
2021-05-21,44.3925,47.6464,33.72,38.7807,360445.99
2021-05-22,38.8473,39.9694,31.2048,31.2398,191900.99
2021-05-23,31.248,32.4214,19.1616,24.5147,731973.73
2021-05-24,24.5838,32.6173,24.569,31.332,538433.43
2021-05-25,31.4025,33.1829,25.9586,30.0176,408776.81
2021-05-26,30.002,37.1887,28.9054,35.4255,332328.2
2021-05-27,35.3785,35.5574,31.0188,33.5278,237256.77
2021-05-28,33.628,34.5128,28.0,29.0035,228713.1
2021-05-29,29.0186,30.0551,25.7282,27.3985,158284.29
2021-05-30,27.44,29.769,25.6408,28.5781,114535.31
2021-05-31,28.5521,32.9608,27.5009,32.8192,210773.2
2021-06-01,32.7403,33.2574,29.8883,30.9814,175956.93
2021-06-02,31.0728,35.0,30.4402,33.9449,178386.71
2021-06-03,33.9542,41.3008,33.7399,39.641,351789.07
2021-06-04,39.6512,39.6687,34.2279,37.3517,445114.32
2021-06-05,37.3212,42.7462,37.0415,39.75,412935.36
2021-06-06,39.5931,43.3961,38.9574,42.2593,195269.39
2021-06-07,42.353,44.0946,37.9077,38.2961,244066.59
2021-06-08,38.0283,42.5668,33.5817,41.256,730307.69
2021-06-09,41.2668,43.9999,39.3168,42.0005,276583.39
2021-06-10,42.0005,43.0246,39.5273,41.075,106964.34
2021-06-11,41.0482,41.341,35.1016,36.1032,169917.24
2021-06-12,36.0963,37.5929,34.2471,36.4045,142257.34
2021-06-13,36.5,39.4534,34.75,38.8048,134532.42
2021-06-14,38.7944,40.5304,36.7085,39.7314,129404.24
2021-06-15,39.7718,41.7076,39.2094,39.5207,92151.44
2021-06-16,39.4536,41.5771,37.4347,39.6672,155178.62
2021-06-17,39.7299,41.2299,38.2303,39.1554,79394.65
2021-06-18,39.2561,39.4416,34.9179,36.6684,81277.51
2021-06-19,36.7664,37.2834,34.8981,35.1666,67724.32
2021-06-20,35.1836,35.9313,31.3094,35.2721,218954.94
2021-06-21,35.3544,35.4835,25.9364,26.576,407034.51
2021-06-22,26.617,29.3124,20.2022,26.9375,351366.1
2021-06-23,26.9552,32.8558,25.6677,30.839,421050.26
2021-06-24,30.8788,33.0,28.4959,31.2104,183843.39
2021-06-25,31.256,32.9638,27.97,28.6223,242258.27
2021-06-26,28.6503,29.9991,26.6881,29.7399,170673.19
2021-06-27,29.6514,31.9115,29.2068,31.8972,103225.11
2021-06-28,31.8096,34.2845,31.0191,32.9798,153820.53
2021-06-29,33.0681,35.7838,32.6972,33.9615,70346.55
2021-06-30,33.9744,35.984,31.5997,35.5548,177798.69
2021-07-01,35.5754,35.5754,32.2081,33.2949,172943.54
2021-07-02,33.2851,34.0907,31.4163,34.0217,157831.13
2021-07-03,34.0137,35.3361,33.2363,34.5377,84741.56
2021-07-04,34.5231,35.4661,33.5645,34.4284,78032.07
2021-07-05,34.2822,34.4395,32.4557,32.9257,74822.43
2021-07-06,32.9257,35.0163,32.9125,34.3282,104162.8
2021-07-07,34.2057,38.0282,33.8472,36.6922,140959.48
2021-07-08,36.5933,36.9033,32.7615,33.1576,171062.44
2021-07-09,33.1345,34.4153,32.0,33.2471,124969.37
2021-07-10,33.3393,34.2012,31.1,31.7277,140731.82
2021-07-11,31.6845,32.557,31.3784,32.1552,47871.8
2021-07-12,32.1609,32.671,30.0675,30.7948,65247.75
2021-07-13,30.7781,31.0759,28.8415,29.131,59447.26
2021-07-14,29.0889,31.4234,27.4382,31.3504,144844.47
2021-07-15,31.3641,31.4881,27.9571,28.5276,142098.08
2021-07-16,28.5506,29.4871,26.1998,26.2472,105714.55
2021-07-17,26.3085,27.7881,26.0029,26.7808,130688.87
2021-07-18,26.7939,27.7439,26.2507,26.6622,60689.29
2021-07-19,26.6675,26.6959,24.0112,24.5182,145455.26
2021-07-20,24.5371,24.9895,22.0977,23.4716,198567.92
2021-07-21,23.4662,27.4497,22.8205,26.643,295742.3
2021-07-22,26.6719,28.1492,25.9172,27.6884,139165.85
2021-07-23,27.6884,28.6911,26.409,28.4869,141229.77
2021-07-24,28.5318,29.4818,28.0094,28.7019,141453.89
2021-07-25,28.6034,28.8605,26.5409,28.2306,100345.79
2021-07-26,28.232,31.0924,27.8844,28.3181,325103.72
2021-07-27,28.1906,28.9475,26.9127,28.1141,122209.26
2021-07-28,28.1214,28.7476,27.3744,27.8789,112885.96
2021-07-29,27.7792,31.8637,27.3383,31.2184,151131.33
2021-07-30,31.2729,33.0508,29.9835,32.3543,280636.36
2021-07-31,32.3497,36.9444,31.6734,36.7489,243225.05
2021-08-01,36.8003,36.813,33.2598,34.2377,202714.83
2021-08-02,34.1704,35.9203,33.0155,33.2019,118806.71
2021-08-03,33.1929,35.8336,32.345,34.1113,171964.08
2021-08-04,34.0913,36.6439,33.2662,35.7555,147501.66
2021-08-05,35.8126,38.2459,35.5127,37.3536,183829.61
2021-08-06,37.4165,40.3804,35.6858,39.5206,118689.64
2021-08-07,39.4484,40.4879,37.5707,39.3753,114112.48
2021-08-08,39.4497,39.5241,36.9234,37.6667,77606.13
2021-08-09,37.6403,40.0205,36.3971,38.6712,94132.15
2021-08-10,38.6476,41.6535,38.2258,40.6281,114853.85
2021-08-11,40.6631,43.7259,40.6173,41.6507,121611.73
2021-08-12,41.6114,43.3916,39.3426,41.0636,124723.25
2021-08-13,41.1181,44.9041,40.7068,44.8998,122700.46
2021-08-14,44.8649,44.8649,42.6911,44.0837,99752.2
2021-08-15,44.1305,54.678,43.3751,53.4971,326116.28
2021-08-16,53.5303,69.13,52.3016,62.137,910768.83
2021-08-17,62.1045,75.0563,58.7982,64.2367,753633.14
2021-08-18,63.9865,80.6201,59.8851,72.802,743781.53
2021-08-19,72.7534,75.3341,68.4345,72.8546,453780.65
2021-08-20,72.8647,79.958,70.9502,78.7372,238923.6
2021-08-21,78.4712,81.9296,72.6423,73.8997,176958.41
2021-08-22,73.8117,77.528,71.2453,72.5611,147077.41
2021-08-23,72.8472,76.7305,71.5333,75.6793,179764.61
2021-08-24,75.6871,79.4241,68.6956,70.5742,606620.19
2021-08-25,70.5139,72.7722,66.2277,71.969,538433.13
2021-08-26,71.963,78.366,66.2681,74.83,1600422.05
2021-08-27,74.8375,88.8873,72.6432,88.0542,942254.67
2021-08-28,88.025,97.8205,85.526,96.2161,395711.18
2021-08-29,96.2318,97.7843,90.4156,94.3058,274456.84
2021-08-30,94.1306,116.3312,93.6352,110.2777,782056.55
2021-08-31,110.1986,130.0109,103.1125,108.3098,700462.66
2021-09-01,108.275,119.6046,105.9613,110.6357,256753.17
2021-09-02,110.7492,132.0,109.2576,128.2651,364243.66
2021-09-03,128.2522,148.9856,128.1275,146.3311,539629.91
2021-09-04,146.3747,150.5965,135.8404,139.0194,204667.55
2021-09-05,138.9298,144.97,134.7965,142.1101,149035.26
2021-09-06,141.9991,166.0526,137.3711,164.4432,329900.47
2021-09-07,164.2655,195.442,133.2255,173.5432,1025179.01
2021-09-08,173.396,197.88,146.6275,191.0553,652644.64
2021-09-09,190.8454,216.3469,180.7704,187.8855,1010019.21
2021-09-10,187.6821,197.322,167.9842,179.4857,393147.08
2021-09-11,179.4483,193.4303,175.2283,179.067,279730.27
2021-09-12,179.0451,181.5671,170.2023,174.2591,150517.78
2021-09-13,174.3526,174.9291,150.3647,169.8169,395058.89
2021-09-14,169.4633,171.8363,142.3185,158.8691,384747.99
2021-09-15,158.7378,166.4187,153.6543,158.6397,191210.73
2021-09-16,158.9306,163.0938,147.3368,152.1077,170743.28
2021-09-17,152.1319,153.3573,134.0431,147.466,238868.98
2021-09-18,147.6448,172.6236,144.2146,169.3416,277736.5
2021-09-19,169.3245,170.8911,150.6862,152.8506,206944.56
2021-09-20,153.1044,153.4226,130.2819,132.7207,416931.8
2021-09-21,132.7207,144.598,115.8755,124.1506,202154.68
2021-09-22,124.1471,151.6113,122.1296,148.1789,164554.0
2021-09-23,148.1621,152.4205,142.8319,149.9777,164422.13
2021-09-24,149.9472,151.2606,128.2377,139.2147,117807.59
2021-09-25,139.288,144.0102,133.5013,136.1077,114483.0
2021-09-26,136.0594,140.7701,124.7699,135.4999,89013.98
2021-09-27,135.5195,148.8797,133.7364,136.4419,81158.19
2021-09-28,136.21,139.4077,128.1033,132.231,50026.7
2021-09-29,132.2802,140.1649,131.0868,135.3109,63139.94
2021-09-30,135.3283,142.8778,134.032,141.423,61991.24
2021-10-01,141.4288,165.4451,138.2328,161.664,114644.71
2021-10-02,161.5857,174.9506,156.0,168.975,96023.96
2021-10-03,169.204,177.7333,165.6129,172.7111,94196.29
2021-10-04,173.05,173.2122,162.1776,167.1773,83180.99
2021-10-05,167.0058,170.123,160.0,164.4859,74698.21
2021-10-06,164.6001,165.4016,150.1891,154.0475,106815.66
2021-10-07,153.8477,161.4001,150.2274,154.3182,93654.08
2021-10-08,154.3195,168.9218,152.4043,158.5905,89096.89
2021-10-09,158.725,161.5086,154.2142,156.8159,39751.6
2021-10-10,156.6813,158.4233,145.8035,147.6176,35435.93
2021-10-11,147.6046,153.9585,140.3333,144.9195,53904.24
2021-10-12,144.9268,153.5254,137.6225,152.4753,90763.2
2021-10-13,152.2712,155.6744,144.1737,148.0322,73890.2
2021-10-14,148.096,155.6666,147.2865,150.0865,65067.12
2021-10-15,149.9525,165.3262,146.7721,163.1655,152030.15
2021-10-16,163.3359,164.8201,156.5813,157.3984,40236.61
2021-10-17,157.5905,167.5041,152.8932,160.0468,53900.87
2021-10-18,160.1127,162.8983,154.9211,157.2525,43512.49
2021-10-19,157.1687,159.4486,153.1326,156.0025,50477.15
2021-10-20,155.8512,176.8181,155.1333,176.8181,59656.83
2021-10-21,176.7873,194.0467,176.7873,190.1953,179518.14
2021-10-22,190.5652,215.1515,188.0306,196.2183,182496.09
2021-10-23,196.9,205.8223,192.0283,197.6486,65053.49
2021-10-24,197.7913,205.0,185.2757,202.3076,69874.81
2021-10-25,202.6438,219.0,198.1508,209.741,92893.01
2021-10-26,209.9166,214.1862,196.3512,199.7599,47150.7
2021-10-27,199.6,205.4829,179.7772,184.2029,120348.41
2021-10-28,184.3756,201.3217,181.6161,195.3711,88067.15
2021-10-29,195.3711,205.1409,194.4799,200.3836,50965.73
2021-10-30,200.4868,200.5728,187.4154,195.8118,35076.44
2021-10-31,195.8131,204.9468,185.4457,202.5629,47279.76
2021-11-01,202.6406,211.882,197.7393,203.8117,68656.23
2021-11-02,203.8284,222.3156,200.6136,220.8527,80916.63
2021-11-03,220.9831,246.4439,215.529,243.2995,163609.16
2021-11-04,243.254,250.2806,234.3227,247.0968,111599.23
2021-11-05,247.166,248.3197,230.4247,235.9785,89662.17
2021-11-06,235.8569,259.7806,234.8617,258.4172,81434.19
2021-11-07,258.4957,258.5618,245.6234,249.3727,52259.86
2021-11-08,249.8225,253.1429,240.5892,248.3777,44203.53
2021-11-09,248.276,253.0573,236.553,239.0232,34286.27
2021-11-10,239.2158,248.0,217.5846,233.1531,65621.32
2021-11-11,232.9586,246.4064,229.5448,233.46,36322.74
2021-11-12,233.4583,239.0763,221.0,228.6536,36395.98
2021-11-13,228.5499,242.0052,224.961,241.6033,28276.79
2021-11-14,241.6479,241.9062,230.4397,238.7554,14762.22
2021-11-15,238.7699,246.2644,234.5494,237.7052,27582.72
2021-11-16,237.4442,237.4442,214.0003,219.0814,54662.17
2021-11-17,219.0814,222.2424,209.8488,218.9689,41571.42
2021-11-18,218.9677,223.0978,184.4713,195.1022,66378.08
2021-11-19,195.5021,219.5084,189.2141,215.226,50745.28
2021-11-20,215.2356,221.0835,205.9043,218.0653,21854.95
2021-11-21,217.5257,235.3106,210.5507,230.3625,44418.48
2021-11-22,230.719,231.8627,211.634,215.7667,44331.92
2021-11-23,215.4545,226.0719,210.9321,221.8289,28042.69
2021-11-24,221.9752,222.4247,200.1825,205.8473,36255.36
2021-11-25,206.0627,216.8862,201.9591,209.9431,42344.47
2021-11-26,210.1484,210.3763,182.6653,192.4242,60572.27
2021-11-27,192.5298,199.2999,190.6599,193.0036,20927.51
2021-11-28,192.3154,202.0043,181.1047,200.7503,37306.91
2021-11-29,200.5878,212.657,199.7359,204.0743,36210.25
2021-11-30,204.1555,218.2684,199.6055,208.3939,35937.31
2021-12-01,208.4881,232.3474,207.8678,229.5733,53859.55
2021-12-02,229.7903,243.1089,220.1031,233.858,57311.28
2021-12-03,234.0393,239.3149,205.0,211.8446,49377.08
2021-12-04,211.7371,212.4983,167.7555,201.0072,93280.57
2021-12-05,201.0876,205.1518,182.022,198.3945,35959.9
2021-12-06,198.3945,201.3837,178.523,194.4877,23595.31
2021-12-07,195.099,204.0515,187.869,190.1356,19265.8
2021-12-08,190.2856,196.1997,183.6525,194.6002,20845.46
2021-12-09,194.4007,196.5982,178.7,181.3346,30299.26
2021-12-10,181.0836,184.5616,167.3015,167.3015,25671.83
2021-12-11,167.5187,173.6899,161.4758,171.4772,24230.93
2021-12-12,171.7802,176.7536,167.7014,172.8492,12237.66
2021-12-13,172.7581,172.7581,148.1,154.6972,33845.86
2021-12-14,154.9406,163.2514,149.58,161.7965,25243.55
2021-12-15,161.2377,182.6,156.8695,178.5915,52801.02
2021-12-16,178.4888,189.0077,174.438,176.9954,29461.17
2021-12-17,177.0797,182.3829,168.0596,175.5053,26986.72
2021-12-18,175.8257,184.1464,171.0611,182.769,11742.95
2021-12-19,182.593,189.3264,178.2982,179.8917,12326.51
2021-12-20,179.637,181.0882,168.487,173.67,12317.2
2021-12-21,174.2088,182.4906,170.3044,180.0251,14541.46
2021-12-22,179.8433,187.4783,177.15,178.3203,13743.34
2021-12-23,178.2876,193.5099,175.5703,189.8752,20194.2
2021-12-24,190.2482,197.4632,184.2707,190.1835,19379.56
2021-12-25,190.5333,194.9939,189.2461,193.0283,7516.1
2021-12-26,193.0132,200.4958,190.2833,197.8738,15202.78
2021-12-27,197.9691,204.759,194.8506,195.6286,14702.22
2021-12-28,195.5241,195.5917,176.3112,177.0041,24240.86
2021-12-29,177.2291,180.6,170.1781,170.5086,25687.07
2021-12-30,170.4413,175.7502,168.2262,172.4998,17095.04
2021-12-31,172.7372,177.6097,167.7001,169.9465,18482.0
2022-01-01,170.2744,179.1477,169.77,179.0661,9701.29
2022-01-02,179.0909,179.4562,174.3816,176.64,8044.06
2022-01-03,176.3247,176.3335,166.7101,170.0258,8622.24
2022-01-04,169.9832,173.81,166.4798,167.5292,11126.83
2022-01-05,167.5143,171.3246,145.0123,154.4327,18409.2
2022-01-06,154.2257,154.7284,146.1746,150.4424,16135.51
2022-01-07,150.767,150.767,133.1258,136.3286,43741.43
2022-01-08,136.84,148.0328,133.0682,141.743,39078.26
2022-01-09,142.1405,145.6698,137.8809,140.8822,21932.83
2022-01-10,141.1455,143.7367,130.0056,135.9514,21390.58
2022-01-11,136.0443,143.4728,133.6449,140.2671,9434.92
2022-01-12,140.2675,153.3124,138.127,151.4241,16715.05
2022-01-13,151.3711,157.7673,145.4813,146.1258,20371.09
2022-01-14,146.3149,150.5199,142.0235,146.2169,12677.22
2022-01-15,145.7556,149.5175,144.0273,147.7544,6261.82
2022-01-16,147.7696,151.9024,146.0574,147.8734,7423.23
2022-01-17,148.0836,148.1592,137.073,139.8167,8061.02
2022-01-18,139.7289,142.6788,134.3546,141.2636,9176.23
2022-01-19,141.6124,142.6462,132.8282,135.4833,9388.84
2022-01-20,135.3509,143.8214,126.0466,127.6275,14562.55
2022-01-21,127.6275,128.5379,106.259,112.3894,58783.09
2022-01-22,112.2705,114.113,87.8204,94.6803,120251.11
2022-01-23,94.6611,104.6909,93.3135,99.9624,56191.6
2022-01-24,99.6122,99.6122,80.7466,91.9452,112480.85
2022-01-25,91.8144,99.9549,87.4334,94.7114,30083.05
2022-01-26,94.6344,104.3722,89.2466,92.059,50778.1
2022-01-27,91.9058,94.612,85.72,89.6075,56166.5
2022-01-28,89.4524,93.5647,87.152,91.3293,32764.64
2022-01-29,91.2781,98.836,90.5595,96.1396,29670.66
2022-01-30,96.1062,97.5731,91.3363,93.3645,18976.04
2022-01-31,93.4158,101.3344,89.2175,99.4025,25321.47
2022-02-01,99.5963,113.5444,99.0848,109.8013,66386.55
2022-02-02,110.2498,112.3704,97.0,101.8764,60140.87
2022-02-03,101.6419,103.0931,94.151,101.6642,58280.6
2022-02-04,101.8567,112.8023,100.3579,112.4851,52377.13
2022-02-05,112.6436,118.6309,110.2194,113.7974,33109.1
2022-02-06,114.0763,116.0494,111.4627,115.2309,15349.82
2022-02-07,115.2047,121.9157,112.7589,117.2724,36053.51
2022-02-08,117.7301,120.297,109.7545,113.3337,25633.72
2022-02-09,113.5828,117.0541,109.3569,113.7013,17164.09
2022-02-10,113.6841,114.8817,105.6951,106.2947,31841.89
2022-02-11,106.1158,108.0941,95.1977,96.4296,21889.88
2022-02-12,95.8307,99.7773,92.7623,95.9811,12665.17
2022-02-13,95.7873,97.389,91.3896,92.827,13037.11
2022-02-14,92.8934,97.8933,90.7834,96.3985,25912.25
2022-02-15,96.7977,105.7641,96.48,105.689,21584.55
2022-02-16,105.5385,105.5385,98.207,101.7663,14713.5
2022-02-17,102.1196,102.7878,92.4007,93.626,16181.5
2022-02-18,93.4838,96.3538,89.3596,89.8798,18037.77
2022-02-19,89.829,92.6938,88.6838,91.2024,9040.93
2022-02-20,91.2797,93.8957,85.5842,90.5998,22710.88
2022-02-21,90.7168,96.1334,82.7093,82.9646,39595.48
2022-02-22,83.0583,87.5393,81.0648,86.2087,28941.12
2022-02-23,86.4334,93.3318,84.3974,84.4931,26679.86
2022-02-24,84.5055,93.4977,75.4354,89.5357,69495.34
2022-02-25,89.5671,95.0403,86.8605,92.8119,31379.01
2022-02-26,92.8227,95.1417,89.2736,90.1017,17018.57
2022-02-27,90.2805,92.173,84.1358,85.5727,23222.7
2022-02-28,85.6551,102.653,84.1974,99.6252,40495.78
2022-03-01,99.8428,102.0,94.3377,98.6215,37117.15
2022-03-02,98.5418,106.4192,96.7987,100.6211,37676.96
2022-03-03,100.3849,101.6751,94.0355,95.3619,13119.59
2022-03-04,95.4289,95.9298,86.998,88.3824,21151.85
2022-03-05,88.0706,91.1848,85.9891,89.5972,9135.09
2022-03-06,89.4995,89.9999,83.9674,84.4,12559.75
2022-03-07,84.6255,86.7126,79.9536,81.6908,16597.04
2022-03-08,81.6823,85.0456,81.3318,82.2893,18869.42
2022-03-09,82.2851,89.8802,81.9484,87.9867,19697.85
2022-03-10,88.115,88.5953,80.7475,82.8121,16316.45
2022-03-11,82.7031,84.2825,80.0905,80.6705,10857.32
2022-03-12,80.7131,82.749,80.6385,81.3692,4489.9
2022-03-13,81.2614,83.2974,77.7659,78.9777,8402.48
2022-03-14,78.6796,82.3207,78.0635,81.2824,9610.9
2022-03-15,81.2083,85.9763,78.7752,82.8468,8052.46
2022-03-16,82.9747,87.9912,81.547,87.8,20035.33
2022-03-17,87.7957,91.0071,86.63,87.8663,15886.18
2022-03-18,87.8048,92.2737,84.4528,89.5996,17872.07
2022-03-19,89.8369,94.5419,89.2463,92.3626,16079.2
2022-03-20,92.3386,92.3938,87.9097,88.4379,7378.22
2022-03-21,88.4379,91.2709,86.7902,88.7911,10915.85
2022-03-22,88.5573,93.9421,88.0156,90.3538,16503.87
2022-03-23,90.359,96.3008,89.2858,95.0234,17781.72
2022-03-24,94.918,103.7007,93.4547,102.2992,26283.75
2022-03-25,102.2219,104.8317,97.0464,98.545,18827.75
2022-03-26,98.5969,103.3821,97.6605,101.866,9861.52
2022-03-27,101.8448,107.4029,98.8148,107.0354,18416.41
2022-03-28,107.0254,113.8319,105.254,105.6653,32547.92
2022-03-29,105.757,115.626,105.5134,111.8185,24259.66
2022-03-30,111.3265,125.1688,107.1416,120.6839,32457.52
2022-03-31,120.7681,129.5,119.9258,122.7595,36352.68
2022-04-01,122.8559,138.4119,117.2956,134.3061,40234.54
2022-04-02,134.446,143.4928,131.5192,132.506,32601.44
2022-04-03,132.5197,141.0414,130.5058,136.8,26059.91
2022-04-04,136.5724,138.2174,125.4033,132.2917,29373.46
2022-04-05,132.237,137.889,126.0908,126.8559,20558.57
2022-04-06,126.829,127.388,112.1674,113.1184,42971.72
2022-04-07,112.8709,119.9679,110.9742,118.3878,18215.86
2022-04-08,118.4715,122.3861,108.1567,109.9604,34936.77
2022-04-09,109.9604,113.6583,108.2773,112.7886,10953.35
2022-04-10,113.0702,116.0202,109.8119,110.9619,13597.17
2022-04-11,110.5723,111.898,98.1469,99.2604,30011.8
2022-04-12,99.6984,109.2689,98.3941,103.161,36413.37
2022-04-13,103.2631,106.018,100.161,104.9049,18878.32
2022-04-14,104.7272,107.7082,98.8,100.7598,25103.98
2022-04-15,100.7458,102.9028,99.595,101.3962,17046.33
2022-04-16,101.4101,103.4548,100.7579,102.1699,8367.31
2022-04-17,102.0481,105.4049,99.6613,100.2538,9446.32
2022-04-18,100.1,102.6343,94.7413,102.3478,21937.5
2022-04-19,102.357,108.7858,101.0655,108.5729,20214.89
2022-04-20,108.544,111.0919,104.1109,105.4909,25510.4
2022-04-21,105.5962,109.9394,99.9,101.7522,21456.88
2022-04-22,101.482,103.5294,99.2236,100.4936,18051.86
2022-04-23,100.4912,102.9102,98.4206,100.52,12217.11
2022-04-24,100.6049,102.2269,98.568,99.1816,10527.84
2022-04-25,99.1881,101.5648,94.2881,101.04,28854.93
2022-04-26,100.962,101.9755,94.6183,95.7336,16738.82
2022-04-27,95.742,100.7531,94.9368,98.3555,13490.97
2022-04-28,98.3732,100.5311,96.3805,98.2419,19277.08
2022-04-29,98.2102,98.65,92.35,93.9889,13206.44
2022-04-30,93.9882,94.9305,81.9528,84.6297,20477.79
2022-05-01,84.6166,93.1032,82.7275,89.7201,42886.92
2022-05-02,89.7033,90.8633,85.0797,87.5347,20366.54
2022-05-03,87.4489,88.7874,84.6968,85.8428,8439.56
2022-05-04,85.8668,93.0903,85.4982,92.7766,18984.06
2022-05-05,93.0698,95.2053,81.2308,84.5694,29862.47
2022-05-06,84.2645,84.7913,79.4379,81.6693,21635.13
2022-05-07,81.7635,82.2729,77.1968,78.8893,13961.09
2022-05-08,78.8242,79.3326,73.7413,75.4582,17087.73
2022-05-09,75.3616,77.2158,61.823,62.281,48823.52
2022-05-10,62.2374,74.0231,60.2252,66.8798,108087.92
2022-05-11,66.8254,68.3948,40.0903,50.9432,188463.57
2022-05-12,50.9764,57.0,37.5275,44.5965,180577.26
2022-05-13,44.5328,56.4002,43.9256,49.0072,69336.54
2022-05-14,49.0168,53.8131,45.9303,52.4398,38776.12
2022-05-15,52.4343,59.2779,49.6558,58.6569,38309.47
2022-05-16,58.8072,58.8072,51.9295,53.7185,51072.87
2022-05-17,53.8553,58.1609,53.0612,57.1027,45035.72
2022-05-18,57.0628,57.8307,49.4191,49.8964,48796.18
2022-05-19,50.0565,54.0137,48.2503,52.2293,38911.26
2022-05-20,52.1609,53.5904,47.8736,49.4025,34487.06
2022-05-21,49.4059,51.2072,48.4316,50.315,14420.2
2022-05-22,50.2975,53.1691,49.6928,52.4857,17578.04
2022-05-23,52.4721,54.6649,48.6203,49.0741,46721.54
2022-05-24,49.1291,50.8121,47.1249,49.6749,29515.06
2022-05-25,49.6455,50.5558,47.5882,47.9613,14964.18
2022-05-26,47.9454,48.6423,41.7102,43.4356,34907.3
2022-05-27,43.504,43.934,40.0,41.1564,31641.36
2022-05-28,41.1696,45.0465,40.364,44.2838,24139.36
2022-05-29,44.2723,45.6178,41.8396,44.9332,24321.9
2022-05-30,44.9956,48.3283,44.2918,47.2618,36509.8
2022-05-31,47.1359,48.1994,44.6212,45.7367,24688.64
2022-06-01,45.7614,46.1237,39.5119,40.1301,25493.89
2022-06-02,40.1131,41.5739,38.1066,40.8847,36424.64
2022-06-03,40.9081,41.5009,37.6627,38.2909,22713.66
2022-06-04,38.3141,39.4524,35.8079,38.9965,17148.65
2022-06-05,39.0891,40.1698,37.8901,38.4304,15883.91
2022-06-06,38.5417,44.7907,38.3743,42.419,25297.61
2022-06-07,42.2215,42.6841,37.4645,39.3841,37027.36
2022-06-08,39.3531,40.9133,38.3291,38.8371,15341.24
2022-06-09,38.8473,41.925,38.4313,39.9592,15769.7
2022-06-10,39.8201,40.849,36.85,37.1479,15479.58
2022-06-11,37.1521,37.9146,33.2157,33.8913,16989.78
2022-06-12,33.9247,34.4306,30.5951,30.625,36743.81
2022-06-13,30.8271,31.1301,26.0986,28.5714,69607.22
2022-06-14,28.5814,32.1842,25.8817,29.5165,57893.76
2022-06-15,29.5678,35.1129,26.7912,34.7495,72565.6
2022-06-16,34.7181,35.9837,29.6,30.1,52013.26
2022-06-17,30.0916,32.1023,29.3011,30.5929,28714.09
2022-06-18,30.6556,31.9958,27.1683,31.9668,44464.29
2022-06-19,31.9968,35.3201,28.7174,34.2838,60884.15
2022-06-20,34.0991,36.889,31.7575,35.2396,122810.01
2022-06-21,35.2522,39.1476,34.258,36.3938,99505.75
2022-06-22,36.4061,36.8607,33.6388,34.0961,209530.82
2022-06-23,34.0953,38.615,33.9297,38.1571,332973.6
2022-06-24,38.168,42.8959,37.6853,41.887,154955.49
2022-06-25,41.9366,42.6094,39.7667,42.1989,49995.47
2022-06-26,42.2117,42.4682,39.1717,39.4146,41258.46
2022-06-27,39.3705,41.2457,37.9227,38.4683,65014.88
2022-06-28,38.5094,39.9058,35.0887,35.329,66326.19
2022-06-29,35.3174,36.0751,33.0977,34.068,78621.79
2022-06-30,34.0049,34.1968,30.8282,33.7713,77199.08
2022-07-01,33.7679,35.3662,31.8414,32.8503,59338.59
2022-07-02,32.8761,34.1256,31.9068,33.3705,33763.63
2022-07-03,33.3813,33.6602,32.1697,33.4189,23097.96
2022-07-04,33.4114,36.9204,32.4418,36.6903,47660.01
2022-07-05,36.6968,36.9483,33.1554,35.4422,85576.21
2022-07-06,35.4232,37.624,34.8288,37.0602,84323.52
2022-07-07,37.0732,39.2584,36.4106,38.4829,46196.24
2022-07-08,38.4674,39.7086,36.4516,38.1211,68153.41
2022-07-09,38.1878,38.8928,37.7821,38.1149,23822.2
2022-07-10,38.0671,38.1277,36.2862,36.7227,19080.94
2022-07-11,36.7279,36.7279,33.271,33.4211,49692.27
2022-07-12,33.4211,34.5575,32.6046,32.6846,59841.94
2022-07-13,32.6959,35.0685,31.833,34.9482,137199.05
2022-07-14,34.9553,37.2905,33.6,37.1653,115129.42
2022-07-15,37.1581,39.0721,36.4499,37.3787,107077.64
2022-07-16,37.3736,40.4149,36.3648,39.6043,73697.67
2022-07-17,39.5928,41.0707,38.2936,38.637,57647.02
2022-07-18,38.6058,44.0351,38.5805,43.5323,107623.67
2022-07-19,43.5511,47.3377,42.551,44.8746,161501.48
2022-07-20,44.8499,46.2784,41.3026,42.0505,123108.66
2022-07-21,42.021,44.0631,39.6527,43.1241,139794.37
2022-07-22,43.1106,44.3039,40.0284,40.5083,116263.57
2022-07-23,40.5563,41.8905,38.624,39.9624,53969.29
2022-07-24,39.9974,42.0669,39.4754,40.9676,49706.18
2022-07-25,40.9332,41.0702,36.573,36.573,107402.8
2022-07-26,36.6395,36.8349,34.6801,36.2441,133319.2
2022-07-27,36.2743,40.5337,35.6854,40.2506,187483.39
2022-07-28,40.2392,44.2551,39.0349,42.8987,204541.46
2022-07-29,42.9209,44.4339,41.135,41.8743,153270.77
2022-07-30,41.9373,46.6475,41.4415,43.8094,137936.05
2022-07-31,43.8378,45.1633,42.2463,42.3587,98325.68
2022-08-01,42.2397,43.2213,40.5778,41.6741,74987.75
2022-08-02,41.6055,42.4506,39.5337,39.7802,64344.23
2022-08-03,39.7718,40.9854,37.4666,38.4837,150166.13
2022-08-04,38.5155,39.8213,37.9921,38.7801,28006.91
2022-08-05,38.8284,41.3113,38.7231,40.5797,40103.22
2022-08-06,40.5177,40.8829,39.8819,40.0749,12315.16
2022-08-07,39.9931,41.5346,39.2261,40.636,11931.3
2022-08-08,40.5877,43.6741,40.5877,42.1394,25964.27
2022-08-09,42.1978,42.7457,39.7945,40.3536,18846.14
2022-08-10,40.2665,42.8477,39.1593,42.4805,56006.15
2022-08-11,42.4699,45.2934,42.3055,42.7524,71624.36
2022-08-12,42.7878,45.5057,42.141,45.4252,39937.68
2022-08-13,45.403,48.346,45.3263,46.4718,50390.52
2022-08-14,46.5952,48.043,44.4613,44.8527,37333.94
2022-08-15,44.8215,47.24,42.7464,43.6961,43559.56
2022-08-16,43.6961,44.3073,42.5404,43.1653,41226.8
2022-08-17,43.0332,44.7418,40.1931,40.5259,36982.51
2022-08-18,40.5478,41.645,39.4066,39.4927,25249.77
2022-08-19,39.4901,39.5726,35.218,35.8751,71195.47
2022-08-20,35.8971,37.264,34.1575,35.2811,45073.31
2022-08-21,35.2926,37.0361,34.524,36.4817,22474.71
2022-08-22,36.4921,36.5621,33.7814,35.4808,21773.41
2022-08-23,35.4358,36.092,34.2516,35.6851,17282.19
2022-08-24,35.6716,36.4302,34.3394,34.9024,33042.39
2022-08-25,34.8801,36.4815,34.8801,35.2849,22533.54
2022-08-26,35.2332,35.7835,31.3294,31.7538,46981.51
2022-08-27,31.731,32.23,30.8961,31.5902,34066.08
2022-08-28,31.4916,32.1842,30.2151,30.459,17998.76
2022-08-29,30.4562,32.6709,30.0171,32.419,49068.24
2022-08-30,32.4076,33.143,30.6537,31.4272,34983.87
2022-08-31,31.5179,32.9445,31.1918,31.5033,27216.09
2022-09-01,31.4778,31.7666,30.4682,31.5979,27912.67
2022-09-02,31.6028,32.3759,30.7929,31.2543,24314.13
2022-09-03,31.2184,31.2689,30.8066,31.0966,6623.8
2022-09-04,31.1076,32.2025,31.0367,32.1341,6224.23
2022-09-05,32.1605,32.4799,31.157,32.1529,25985.81
2022-09-06,32.1812,33.8702,30.4347,30.8681,51160.02
2022-09-07,30.8745,32.9213,30.3441,32.6877,28329.36
2022-09-08,32.7004,33.9655,31.9944,33.6203,29636.96
2022-09-09,33.6232,35.9365,33.6188,34.742,30759.19
2022-09-10,34.61,35.3853,34.2799,35.0235,6992.46
2022-09-11,35.0719,35.9835,34.0354,35.0348,10731.46
2022-09-12,34.9267,38.3752,34.4148,37.4532,36181.23
2022-09-13,37.4653,38.9531,32.9498,32.9797,59822.48
2022-09-14,32.9898,34.3314,32.69,34.0843,23054.09
2022-09-15,33.9916,34.807,32.2717,33.0445,15014.71
2022-09-16,33.0925,33.2172,31.5714,32.2207,12002.04
2022-09-17,32.2899,33.8845,32.2899,33.73,8175.89
2022-09-18,33.6731,33.9736,30.872,31.1027,9813.5
2022-09-19,31.1462,33.0464,30.4813,32.6101,12537.69
2022-09-20,32.7019,32.8556,31.2972,31.4937,10091.77
2022-09-21,31.3627,33.5058,30.0394,30.668,25683.9
2022-09-22,30.6535,32.8582,30.6019,32.4085,19053.19
2022-09-23,32.5415,33.9525,31.2374,33.6963,18091.79
2022-09-24,33.7709,34.7585,33.1588,33.3879,12846.76
2022-09-25,33.4549,34.0416,31.8922,32.2738,6616.07
2022-09-26,32.2703,33.9438,31.9068,33.8919,17568.25
2022-09-27,33.8919,35.4054,32.0766,32.6735,21956.84
2022-09-28,32.6892,33.799,31.6617,33.2265,19847.64
2022-09-29,33.2448,34.409,32.6471,33.9517,17594.88
2022-09-30,33.9448,35.1976,32.623,33.2056,20471.7
2022-10-01,33.2362,33.2362,32.3412,32.4477,4804.17
2022-10-02,32.401,33.0041,31.8882,32.059,5852.5
2022-10-03,32.0291,33.2365,31.7317,32.8721,13480.1
2022-10-04,32.9295,34.3961,32.8435,34.1238,22680.13
2022-10-05,34.115,34.3597,33.1998,34.138,16400.07
2022-10-06,34.1611,34.5089,33.2319,33.3684,17467.82
2022-10-07,33.3183,33.7583,32.4294,32.9814,9483.49
2022-10-08,32.9599,33.0698,32.3529,32.5623,3974.47
2022-10-09,32.5623,33.1363,32.4649,32.9421,3214.99
2022-10-10,32.8935,33.4574,31.8907,31.964,12377.11
2022-10-11,31.8745,31.8745,30.4171,30.8046,15759.84
2022-10-12,30.8296,31.5319,30.6792,31.1125,11158.92
2022-10-13,31.1466,31.199,27.488,30.488,40190.78
2022-10-14,30.4549,31.9708,29.6353,30.0384,16048.03
2022-10-15,30.0165,30.1928,29.4273,29.5276,4582.41
2022-10-16,29.5927,30.5041,29.5927,30.1428,4101.67
2022-10-17,30.1568,31.2817,29.8435,31.21,17783.76
2022-10-18,31.2189,31.4791,29.7231,30.1192,18377.11
2022-10-19,30.1386,30.2177,28.6135,28.9125,16026.31
2022-10-20,28.8023,29.4589,27.9786,28.0557,17354.93
2022-10-21,27.9664,28.2694,26.8529,28.0933,24383.43
2022-10-22,28.1097,28.2073,27.4924,28.0608,6410.77
2022-10-23,28.093,29.4104,27.7358,29.295,14009.83
2022-10-24,29.2861,29.4881,28.155,28.2799,19600.61
2022-10-25,28.3244,32.2987,28.0602,30.8848,41650.06
2022-10-26,30.8785,32.1378,30.6369,31.2733,27093.19
2022-10-27,31.3913,32.3339,30.4726,30.578,26027.75
2022-10-28,30.5528,32.5456,30.1224,32.0656,33347.72
2022-10-29,32.0805,33.8283,31.8625,32.8755,19788.56
2022-10-30,32.9206,33.522,31.9385,32.9237,13532.32
2022-10-31,32.9498,34.3763,32.2138,32.5537,20870.33
2022-11-01,32.5818,33.3852,32.1727,32.2085,18047.16
2022-11-02,32.2298,32.9206,30.2426,30.8012,33792.67
2022-11-03,30.7864,32.2279,30.6256,30.8339,24655.69
2022-11-04,30.8283,34.1964,30.6891,33.7301,35803.9
2022-11-05,33.8287,38.7681,33.6825,36.7646,82730.1
2022-11-06,36.8533,37.0392,32.3671,32.6885,36135.4
2022-11-07,32.5882,33.109,28.1666,29.6164,72005.46
2022-11-08,29.5889,31.7214,22.7358,24.3087,191933.97
2022-11-09,24.3144,24.3144,12.1919,14.0883,514651.41
2022-11-10,14.0883,19.0399,12.7969,17.7617,323737.21
2022-11-11,17.6284,18.2692,15.1539,16.4863,126219.97
2022-11-12,16.4156,16.4779,14.4821,14.5154,55582.53
2022-11-13,14.5483,14.7273,13.0385,13.1714,61410.12
2022-11-14,13.1522,14.9727,12.1062,14.0323,113285.02
2022-11-15,14.0351,15.1052,13.8268,14.337,61040.72
2022-11-16,14.3052,14.6296,13.6447,14.2685,40833.59
2022-11-17,14.3015,14.5394,12.9555,13.6335,84223.6
2022-11-18,13.6543,13.88,13.0231,13.2394,21943.13
2022-11-19,13.2713,13.2759,12.5903,12.8248,19567.16
2022-11-20,12.8265,13.5675,12.1224,12.2617,49102.83
2022-11-21,12.2745,12.2887,11.2746,11.8628,88971.59
2022-11-22,11.8526,12.5003,10.9572,12.4277,92753.8
2022-11-23,12.4441,14.4751,12.4118,14.3485,91894.36
2022-11-24,14.3553,14.9277,13.8565,14.5774,157884.46
2022-11-25,14.6056,14.6101,13.9113,14.0226,77406.96
2022-11-26,14.034,14.9537,13.9798,14.1587,53314.49
2022-11-27,14.1716,14.447,14.0548,14.1014,32767.7
2022-11-28,14.0808,14.1587,12.7945,13.3323,179357.15
2022-11-29,13.3364,13.936,13.1439,13.3514,62298.17
2022-11-30,13.3571,14.3028,13.2368,14.1545,71215.98
2022-12-01,14.1479,14.1782,13.4035,13.5058,57503.92
2022-12-02,13.5107,13.8248,13.328,13.7154,48396.97
2022-12-03,13.694,13.7464,13.2198,13.2954,27403.64
2022-12-04,13.277,13.745,13.2738,13.7115,16190.81
2022-12-05,13.7079,14.1646,13.5956,13.8291,51143.93
2022-12-06,13.8154,14.3839,13.8154,14.2894,55775.66
2022-12-07,14.3187,14.3266,13.4165,13.4852,53042.61
2022-12-08,13.4624,13.7572,13.2773,13.6907,39025.7
2022-12-09,13.7114,14.015,13.5187,13.6074,41165.76
2022-12-10,13.5615,13.7391,13.5532,13.5648,13679.8
2022-12-11,13.5463,13.789,13.3853,13.4202,12074.73
2022-12-12,13.4192,13.4852,12.8199,13.3122,35287.02
2022-12-13,13.3791,14.1495,12.8041,13.8936,18228.75
2022-12-14,13.9104,14.9502,13.8236,14.1323,65926.1
2022-12-15,14.1332,14.5125,13.8718,13.9351,19209.37
2022-12-16,14.0336,14.1446,12.0401,12.2413,33729.87
2022-12-17,12.2564,12.5493,12.0,12.484,12519.34
2022-12-18,12.5101,12.5891,12.2799,12.3487,6867.1
2022-12-19,12.3728,12.5878,11.6879,11.946,18707.89
2022-12-20,11.9083,12.4722,11.8432,12.2594,6688.33
2022-12-21,12.2648,12.2648,11.9047,12.1424,5766.71
2022-12-22,12.1241,12.1713,11.6895,11.8079,19042.81
2022-12-23,11.8116,12.0972,11.7119,11.7613,17586.97
2022-12-24,11.7377,11.7687,11.17,11.4342,31303.59
2022-12-25,11.4254,11.5562,11.2448,11.3743,10866.16
2022-12-26,11.3545,11.4798,11.1219,11.3471,33810.51
2022-12-27,11.358,11.4309,10.7214,11.1081,32269.05
2022-12-28,11.0911,11.1081,9.4169,9.7484,85703.91
2022-12-29,9.7647,10.8857,8.0,9.6514,150475.32
2022-12-30,9.6176,10.2724,9.0385,9.9035,123211.24
2022-12-31,9.8902,10.1827,9.6559,9.9526,32658.37
2023-01-01,9.9639,10.0649,9.692,9.9994,15231.35
2023-01-02,9.9844,11.94,9.8197,11.2914,58385.59
2023-01-03,11.2948,13.8872,11.0143,13.3944,127388.06
2023-01-04,13.3603,14.2235,12.8326,13.4225,82171.14
2023-01-05,13.3904,13.8788,12.9528,13.4253,54511.23
2023-01-06,13.4255,13.5892,12.7094,13.5061,90855.3
2023-01-07,13.5029,13.5029,13.0239,13.1053,34254.32
2023-01-08,13.0966,14.8459,12.866,14.4426,110625.4
2023-01-09,14.4326,17.4741,14.2911,16.2677,409482.62
2023-01-10,16.3215,16.7239,15.5822,16.2098,121806.34
2023-01-11,16.2138,16.5921,15.3004,16.3569,123279.9
2023-01-12,16.3817,16.9707,15.6199,16.6025,168079.42
2023-01-13,16.5865,18.5917,16.3247,18.3042,156387.3
2023-01-14,18.2878,24.773,18.231,24.293,328600.83
2023-01-15,24.2719,24.9566,21.9807,22.8847,180561.58
2023-01-16,22.8895,25.0061,22.3636,23.5983,133630.14
2023-01-17,23.5796,23.9841,22.7058,23.0028,58018.72
2023-01-18,22.9815,23.6333,20.2719,20.7842,156773.27
2023-01-19,20.7566,21.881,20.2868,21.4131,107182.44
2023-01-20,21.4022,25.7993,20.9153,25.5018,142574.16
2023-01-21,25.527,26.4692,24.4287,24.748,126557.45
2023-01-22,24.7847,25.5828,23.53,24.2483,92672.05
2023-01-23,24.2514,24.9723,23.8303,24.3153,101048.83
2023-01-24,24.3223,25.2107,22.5,22.7608,112325.47
2023-01-25,22.7078,25.4054,22.2275,24.5158,161002.47
2023-01-26,24.5727,25.231,23.7826,24.3393,64255.96
2023-01-27,24.3549,24.9449,23.4123,24.4331,58258.8
2023-01-28,24.4331,25.149,23.7607,24.0193,25974.43
2023-01-29,24.0045,26.7631,23.7515,26.0994,94269.74
2023-01-30,26.0465,26.2546,23.3471,23.9736,51237.28
2023-01-31,23.9005,24.4323,23.508,23.9677,24163.16
2023-02-01,23.9439,25.2107,22.555,24.9313,36329.55
2023-02-02,25.0114,26.1,24.1805,24.2213,71507.94
2023-02-03,24.3199,25.0626,23.9858,24.6794,35944.66
2023-02-04,24.6676,24.9204,24.2027,24.3342,14180.13
2023-02-05,24.3007,24.4798,23.09,23.4943,36435.62
2023-02-06,23.4628,23.7215,22.5363,22.6741,16935.53
2023-02-07,22.6647,23.9527,22.5684,23.8263,41328.16
2023-02-08,23.8711,24.2156,22.8282,23.1581,37261.92
2023-02-09,23.2224,23.3301,20.0494,20.4488,51893.3
2023-02-10,20.5054,21.2022,19.7032,20.1184,41124.87
2023-02-11,20.1046,20.9085,20.1046,20.8174,5706.34
2023-02-12,20.803,22.5227,20.6351,21.5058,51038.35
2023-02-13,21.5077,21.5934,19.7374,20.7585,45759.49
2023-02-14,20.7832,22.35,20.6674,21.8579,54678.77
2023-02-15,21.8873,23.9887,21.4586,23.8783,65436.31
2023-02-16,23.88,24.1541,22.2076,22.2926,69332.61
2023-02-17,22.2593,23.5349,22.0442,23.1768,33043.88
2023-02-18,23.146,23.9034,22.9144,23.4486,14305.38
2023-02-19,23.4486,25.5859,23.2049,24.8183,84165.39
2023-02-20,24.8286,27.1,24.141,26.2392,85430.98
2023-02-21,26.2353,26.5891,24.4988,24.9738,55458.48
2023-02-22,24.9815,25.2168,23.2238,24.1517,42542.73
2023-02-23,24.187,24.6762,23.6008,23.9391,24645.01
2023-02-24,23.9181,24.1114,22.5241,23.0736,30557.38
2023-02-25,23.0806,23.3224,21.4937,22.4778,19395.5
2023-02-26,22.4205,23.6104,22.2617,23.4378,14942.21
2023-02-27,23.3832,23.4337,22.4166,22.7674,28521.16
2023-02-28,22.8143,23.2976,22.0293,22.0818,23383.93
2023-03-01,22.105,22.9786,22.0054,22.5147,20561.03
2023-03-02,22.5004,22.6332,21.6763,21.9753,13525.33
2023-03-03,22.0099,22.0099,20.4748,21.39,19011.11
2023-03-04,21.4,21.61,20.22,20.98,11798.54
2023-03-05,21.0,21.7,20.85,20.99,11713.19
2023-03-06,20.97,21.17,20.48,20.63,15701.69
2023-03-07,20.63,20.97,19.73,20.24,32103.49
2023-03-08,20.24,20.38,18.13,18.39,29493.04
2023-03-09,18.49,18.77,16.73,17.31,37377.02
2023-03-10,17.32,18.34,16.02,18.2,48609.34
2023-03-11,18.17,18.92,16.95,18.09,52536.49
2023-03-12,18.09,20.47,17.71,20.12,59728.52
2023-03-13,20.17,21.39,18.88,20.39,94013.95
2023-03-14,20.4,22.09,19.75,20.86,100989.89
2023-03-15,20.91,21.45,18.73,19.25,56439.61
2023-03-16,19.22,19.9,18.89,19.69,32441.83
2023-03-17,19.63,21.66,19.42,21.61,30556.66
2023-03-18,21.55,22.84,21.07,21.21,48663.9
2023-03-19,21.24,22.41,21.24,21.84,17128.13
2023-03-20,21.87,23.95,21.38,22.14,76571.93
2023-03-21,22.14,23.31,21.53,22.55,30134.73
2023-03-22,22.49,23.08,20.85,21.43,53239.41
2023-03-23,21.42,22.73,21.09,22.19,45400.78
2023-03-24,22.19,22.26,20.27,20.64,46596.27
2023-03-25,20.66,20.97,20.09,20.42,9707.93
2023-03-26,20.4,21.13,20.29,20.98,6951.86
2023-03-27,20.93,20.95,19.35,19.93,15172.31
2023-03-28,19.88,20.86,19.63,20.5,13531.0
2023-03-29,20.52,21.54,20.51,21.11,18107.68
2023-03-30,21.12,21.66,20.17,20.56,58015.38
2023-03-31,20.54,21.47,20.04,21.13,15130.74
2023-04-01,21.17,21.33,20.76,21.09,6170.84
2023-04-02,21.08,21.29,20.25,20.53,11693.76
2023-04-03,20.46,20.98,19.99,20.45,21080.81
2023-04-04,20.45,21.25,20.32,20.93,9845.01
2023-04-05,20.92,21.33,20.59,20.96,11294.49
2023-04-06,20.97,20.97,20.46,20.59,5524.69
2023-04-07,20.59,20.76,20.24,20.45,5450.05
2023-04-08,20.44,20.72,19.87,20.04,4695.42
2023-04-09,20.06,20.42,19.89,20.28,2283.34
2023-04-10,20.3,20.95,20.09,20.84,5515.8
2023-04-11,20.84,23.67,20.82,22.99,46443.02
2023-04-12,23.01,24.44,22.31,23.78,60945.26
2023-04-13,23.84,25.26,23.64,24.44,31426.55
2023-04-14,24.41,25.4831,23.76,24.75,52559.18
2023-04-15,24.71,24.79,23.82,24.06,14909.43
2023-04-16,24.07,25.47,23.83,25.34,18991.59
2023-04-17,25.38,26.0,24.33,24.54,65248.09
2023-04-18,24.59,25.43,24.01,24.86,25586.49
2023-04-19,24.82,24.97,21.75,22.67,58567.54
2023-04-20,22.6,23.16,21.6,22.19,43173.9
2023-04-21,22.18,22.4,20.95,21.27,40394.27
2023-04-22,21.26,21.99,21.07,21.8,6628.15
2023-04-23,21.75,22.24,21.01,21.51,10938.72
2023-04-24,21.46,21.99,21.03,21.39,9567.03
2023-04-25,21.4,21.95,20.75,21.94,9812.36
2023-04-26,21.95,22.95,20.38,21.24,30245.29
2023-04-27,21.24,22.5,21.21,22.35,15747.81
2023-04-28,22.36,23.49,22.19,23.36,17286.44
2023-04-29,23.38,23.88,22.94,23.2,23337.53
2023-04-30,23.17,23.98,22.7,22.72,12993.74
2023-05-01,22.74,22.88,21.54,21.97,15544.54
2023-05-02,21.9,22.36,21.75,22.24,6742.8
2023-05-03,22.28,22.28,21.25,22.25,22761.25
2023-05-04,22.27,22.46,21.63,21.71,10953.75
2023-05-05,21.74,23.06,21.62,22.77,21670.27
2023-05-06,22.83,23.23,21.58,21.92,17515.25
2023-05-07,21.91,22.76,21.64,21.66,19002.3
2023-05-08,21.64,21.8,20.14,20.64,40482.46
2023-05-09,20.6,21.01,20.43,20.69,5871.01
2023-05-10,20.63,21.3,19.98,20.91,16050.47
2023-05-11,20.91,20.91,19.76,20.25,12941.86
2023-05-12,20.16,20.94,19.85,20.91,6655.39
2023-05-13,20.95,21.28,20.78,20.84,3865.56
2023-05-14,20.83,21.24,20.63,20.92,3546.48
2023-05-15,20.9,21.51,20.61,21.01,8295.13
2023-05-16,20.99,21.1,20.45,20.64,10103.03
2023-05-17,20.65,21.19,20.46,21.05,6374.85
2023-05-18,21.08,21.09,20.13,20.34,6071.14
2023-05-19,20.33,20.58,20.23,20.34,4608.91
2023-05-20,20.31,20.34,20.11,20.29,11078.95
2023-05-21,20.27,20.38,19.36,19.62,5580.25
2023-05-22,19.6,20.02,19.3,19.51,8001.37
2023-05-23,19.51,20.17,19.43,20.01,5313.06
2023-05-24,20.03,20.04,18.72,19.22,8970.51
2023-05-25,19.24,19.56,18.78,19.27,4063.99
2023-05-26,19.22,19.54,19.1,19.37,1849.39
2023-05-27,19.38,20.52,19.34,20.41,5874.4
2023-05-28,20.39,21.18,20.3,20.8,20211.66
2023-05-29,20.83,20.98,20.28,20.64,5499.16
2023-05-30,20.59,21.39,20.5,21.27,15908.37
2023-05-31,21.2,21.32,20.39,20.8,6915.94
2023-06-01,20.83,20.98,20.42,20.52,3809.03
2023-06-02,20.51,21.36,20.32,21.25,6775.32
2023-06-03,21.24,21.33,20.98,21.19,1357.03
2023-06-04,21.19,22.3,21.04,21.79,9683.03
2023-06-05,21.83,22.04,19.22,20.07,31082.71
2023-06-06,19.98,20.69,19.24,20.39,20183.38
2023-06-07,20.39,20.51,18.31,18.47,44688.64
2023-06-08,18.49,19.09,17.74,18.86,22640.82
2023-06-09,18.87,19.31,14.24,17.26,27232.07
2023-06-10,17.35,17.36,12.02,15.63,34989.71
2023-06-11,15.63,16.16,15.14,15.48,9665.29
2023-06-12,15.44,15.65,14.77,15.15,24965.47
2023-06-13,15.15,15.85,14.75,14.99,16565.47
2023-06-14,14.99,15.33,14.15,14.46,9931.47
2023-06-15,14.42,15.04,14.02,14.76,39860.93
2023-06-16,14.81,15.47,14.39,15.31,11103.09
2023-06-17,15.27,16.12,15.18,15.64,9025.85
2023-06-18,15.63,15.81,15.18,15.38,9281.12
2023-06-19,15.41,16.12,15.34,16.06,8240.56
2023-06-20,16.08,16.71,15.72,16.64,22662.52
2023-06-21,16.64,17.38,16.58,17.21,25711.09
2023-06-22,17.27,17.72,16.58,16.64,37594.63
2023-06-23,16.69,17.51,16.21,17.11,16476.72
2023-06-24,17.07,17.49,16.45,16.68,15768.55
2023-06-25,16.64,17.36,16.58,16.95,11899.69
2023-06-26,16.88,17.09,15.94,16.26,11128.72
2023-06-27,16.26,16.92,16.14,16.6,13931.92
2023-06-28,16.62,16.62,15.72,16.0,10459.99
2023-06-29,15.94,18.22,15.88,18.01,34313.16
2023-06-30,18.04,19.75,17.28,18.91,49557.89
2023-07-01,18.87,19.43,17.93,18.7,13916.47
2023-07-02,18.67,19.74,18.56,19.44,16242.69
2023-07-03,19.44,19.62,18.95,19.23,11381.75
2023-07-04,19.25,19.85,19.09,19.14,11543.11
2023-07-05,19.13,19.37,18.47,18.99,13841.54
2023-07-06,18.98,20.95,18.87,19.63,49484.46
2023-07-07,19.63,21.73,19.3,21.47,36623.68
2023-07-08,21.51,22.45,21.35,21.85,13556.62
2023-07-09,21.78,22.35,21.04,21.38,18796.64
2023-07-10,21.4,21.77,20.55,21.34,20909.43
2023-07-11,21.35,22.32,21.25,22.09,12095.36
2023-07-12,22.04,22.72,21.78,21.97,22092.96
2023-07-13,21.95,26.75,21.48,25.92,56288.22
2023-07-14,25.88,29.89,25.29,26.69,60624.09
2023-07-15,26.69,29.06,26.54,27.36,25112.38
2023-07-16,27.41,28.64,26.55,27.39,13835.53
2023-07-17,27.43,28.47,25.91,26.85,22826.1
2023-07-18,26.82,27.05,24.71,25.57,25984.63
2023-07-19,25.51,26.95,25.36,26.33,16800.57
2023-07-20,26.3,27.35,25.15,25.33,18294.68
2023-07-21,25.34,25.99,25.11,25.52,7041.6
2023-07-22,25.52,25.94,24.28,24.55,8964.66
2023-07-23,24.46,25.22,24.18,24.75,5600.62
2023-07-24,24.75,24.77,22.93,23.34,22952.7
2023-07-25,23.33,23.58,23.12,23.22,5221.62
2023-07-26,23.25,25.7,23.22,25.19,17380.64
2023-07-27,25.18,25.61,24.69,25.08,15366.74
2023-07-28,25.06,25.52,24.58,24.84,11293.47
2023-07-29,24.83,25.35,24.78,25.17,16524.64
2023-07-30,25.23,25.23,23.72,24.27,14921.07
2023-07-31,24.24,24.78,23.59,23.75,10127.17
2023-08-01,23.72,23.97,22.89,23.95,11050.65
2023-08-02,23.96,24.22,22.89,23.15,11908.42
2023-08-03,23.16,23.35,22.21,22.66,13508.26
2023-08-04,22.65,23.53,22.51,22.85,8374.22
2023-08-05,22.8,22.92,22.27,22.64,6020.15
2023-08-06,22.65,23.44,22.61,23.21,9059.35
2023-08-07,23.21,23.64,22.38,23.08,5721.24
2023-08-08,23.09,24.73,23.05,24.19,21153.25
2023-08-09,24.23,24.97,24.11,24.42,7788.81
2023-08-10,24.42,24.85,24.16,24.61,2853.24
2023-08-11,24.65,24.9,24.35,24.59,7381.17
2023-08-12,24.6,25.2,24.44,24.89,6173.16
2023-08-13,24.87,24.91,24.25,24.26,8071.1
2023-08-14,24.25,25.27,24.1,25.19,9556.79
2023-08-15,25.19,25.27,23.73,23.94,13575.08
2023-08-16,23.93,24.03,22.42,22.85,12136.59
2023-08-17,22.8,23.42,20.51,21.69,33619.6
2023-08-18,21.68,22.16,20.93,21.3,11401.63
2023-08-19,21.39,22.15,21.35,21.88,2613.77
2023-08-20,21.88,22.0,21.6,21.78,1897.6
2023-08-21,21.78,21.78,20.64,21.24,8137.36
2023-08-22,21.22,21.27,19.46,20.59,10812.62
2023-08-23,20.56,21.79,20.41,21.71,11788.17
2023-08-24,21.72,21.98,20.71,21.02,9117.54
2023-08-25,20.98,20.98,20.13,20.41,5326.5
2023-08-26,20.36,20.42,20.21,20.28,1889.87
2023-08-27,20.28,20.89,20.26,20.81,4581.02
2023-08-28,20.77,20.77,20.06,20.55,4968.33
2023-08-29,20.6,22.02,20.13,21.73,7709.74
2023-08-30,21.83,21.95,20.64,20.84,4287.46
2023-08-31,20.75,21.04,19.46,19.75,8630.87
2023-09-01,19.72,19.93,19.04,19.37,4411.42
2023-09-02,19.34,19.66,19.15,19.49,2113.02
2023-09-03,19.49,19.63,19.27,19.6,4112.65
2023-09-04,19.59,20.0,19.16,19.51,7813.51
2023-09-05,19.5,20.57,19.06,20.29,11721.71
2023-09-06,20.29,20.37,19.17,19.62,8901.54
2023-09-07,19.6,19.99,19.34,19.9,4237.82
2023-09-08,19.86,20.26,19.39,19.61,3741.56
2023-09-09,19.62,19.62,19.4,19.46,1317.71
2023-09-10,19.42,19.42,17.81,18.26,20372.95
2023-09-11,18.24,18.42,17.37,17.73,15604.99
2023-09-12,17.72,18.75,17.59,17.91,7969.35
2023-09-13,17.92,18.54,17.73,18.4,6181.08
2023-09-14,18.41,19.31,18.41,18.82,7618.38
2023-09-15,18.83,19.48,18.57,19.15,6579.84
2023-09-16,19.16,19.43,18.89,19.13,8699.43
2023-09-17,19.14,19.14,18.67,18.77,2101.25
2023-09-18,18.81,20.13,18.56,19.66,20262.53
2023-09-19,19.66,20.36,19.61,20.01,7852.32
2023-09-20,20.08,20.5,19.82,20.32,4901.3
2023-09-21,20.24,20.26,19.3,19.46,7908.29
2023-09-22,19.43,19.76,19.13,19.44,5585.02
2023-09-23,19.47,19.55,19.28,19.44,1162.99
2023-09-24,19.48,19.65,19.21,19.35,3323.34
2023-09-25,19.33,19.71,19.12,19.38,4987.89
2023-09-26,19.39,19.5,18.94,19.04,3969.69
2023-09-27,19.04,19.45,18.75,19.08,7392.94
2023-09-28,19.08,19.94,19.08,19.94,7247.01
2023-09-29,19.94,20.44,19.86,20.26,6832.36
2023-09-30,20.26,21.69,20.11,21.38,8516.61
2023-10-01,21.37,24.29,21.13,23.81,40066.42
2023-10-02,23.88,24.58,22.93,23.32,21978.98
2023-10-03,23.32,24.69,23.31,23.53,19860.47
2023-10-04,23.6,23.74,22.61,23.15,9136.43
2023-10-05,23.08,23.71,22.58,22.68,6236.51
2023-10-06,22.72,23.7,22.72,23.37,6854.87
2023-10-07,23.4,24.01,23.1,23.25,5762.96
2023-10-08,23.26,23.62,23.08,23.18,3732.71
2023-10-09,23.19,23.35,21.8,22.13,7830.99
2023-10-10,22.13,22.46,21.73,22.09,5787.27
2023-10-11,22.14,22.38,21.66,21.97,4435.57
2023-10-12,21.97,22.02,21.03,21.28,6953.12
2023-10-13,21.27,22.13,21.15,21.78,7032.47
2023-10-14,21.78,22.13,21.78,21.95,2966.13
2023-10-15,21.85,22.09,21.57,21.91,6974.01
2023-10-16,21.9,24.57,21.9,23.91,21421.78
2023-10-17,23.91,24.46,23.46,23.89,16623.54
2023-10-18,23.87,24.18,23.37,23.41,5488.33
2023-10-19,23.42,25.24,23.22,24.95,30944.66
2023-10-20,24.94,27.3,24.74,27.03,26296.17
2023-10-21,27.08,30.04,26.66,29.35,33377.47
2023-10-22,29.28,29.86,28.04,28.9,7590.1
2023-10-23,28.92,32.6,28.73,31.87,40227.09
2023-10-24,31.81,32.58,29.53,30.17,49915.07
2023-10-25,30.17,33.79,30.03,32.49,36025.59
2023-10-26,32.47,33.22,30.77,32.74,24272.15
2023-10-27,32.77,33.09,31.3,31.72,19836.55
2023-10-28,31.7,32.46,31.4,31.64,6006.01
2023-10-29,31.57,33.0,31.33,32.78,14520.81
2023-10-30,32.82,35.11,32.31,34.94,23858.19
2023-10-31,34.92,38.42,34.85,38.37,37191.33
2023-11-01,38.36,46.6,37.84,41.15,86383.57
2023-11-02,41.21,44.5,39.63,40.21,48032.08
2023-11-03,40.23,40.23,38.03,39.47,31054.38
2023-11-04,39.49,42.69,39.04,42.29,23599.82
2023-11-05,42.43,42.87,40.22,41.16,19183.32
2023-11-06,41.21,42.09,39.76,42.09,22336.15
2023-11-07,42.08,44.12,40.12,42.97,32719.54
2023-11-08,42.95,43.62,42.29,43.14,17670.19
2023-11-09,43.13,48.52,42.65,45.38,52574.21
2023-11-10,45.38,57.45,45.24,56.6,64172.65
2023-11-11,56.6,63.0,54.15,56.49,71287.16
2023-11-12,56.66,61.65,55.21,57.01,42676.93
2023-11-13,57.01,59.74,51.64,51.64,47747.76
2023-11-14,51.63,57.74,51.5,56.64,34591.72
2023-11-15,56.64,66.92,56.18,65.39,47179.56
2023-11-16,65.52,68.0,57.02,58.21,46431.84
2023-11-17,58.04,61.19,54.84,58.46,31975.2
2023-11-18,58.48,59.19,55.06,58.52,14379.21
2023-11-19,58.52,61.88,56.68,61.14,21249.58
2023-11-20,61.12,61.2,56.68,57.05,17672.06
2023-11-21,56.99,57.41,51.74,51.95,27977.59
2023-11-22,51.94,58.96,51.56,57.48,22108.47
2023-11-23,57.58,59.41,56.17,56.44,12429.62
2023-11-24,56.56,58.48,56.23,56.92,10765.07
2023-11-25,56.92,59.78,56.45,58.81,11043.06
2023-11-26,58.86,59.0,56.24,57.57,6281.26
2023-11-27,57.55,58.01,53.92,55.14,13528.31
2023-11-28,54.97,58.36,54.12,57.94,10889.91
2023-11-29,58.05,61.5,57.73,59.29,21476.68
2023-11-30,59.35,61.39,58.82,59.25,16736.94
2023-12-01,59.26,61.82,58.67,59.77,17055.62
2023-12-02,59.74,63.65,59.73,63.48,13839.86
2023-12-03,63.41,65.18,62.37,63.0,20074.78
2023-12-04,63.0,65.2,60.49,61.63,29240.66
2023-12-05,61.65,62.51,59.25,61.04,25152.69
2023-12-06,61.09,66.0,61.09,62.0,43287.41
2023-12-07,62.0,68.76,62.0,67.63,36003.41
2023-12-08,67.53,75.0,67.53,74.84,52396.39
2023-12-09,74.85,77.38,71.73,72.01,32880.2
2023-12-10,72.01,74.8,71.0,74.6,15994.68
2023-12-11,74.79,74.92,67.7,70.47,33385.73
2023-12-12,70.22,72.5,66.5,68.6,22253.21
2023-12-13,68.59,72.55,65.0,70.73,23300.23
2023-12-14,70.73,76.15,69.54,75.63,31614.23
2023-12-15,75.51,79.39,72.6,72.95,32718.48
2023-12-16,72.9,77.2,72.0,73.77,15164.42
2023-12-17,73.75,75.01,70.75,70.75,13034.93
2023-12-18,70.85,75.31,67.41,74.41,27748.99
2023-12-19,74.44,76.07,72.0,73.06,26322.73
2023-12-20,73.0,84.0,72.98,81.97,42330.08
2023-12-21,82.05,95.0,81.31,93.9,48238.88
2023-12-22,93.87,99.36,91.49,97.81,45299.29
2023-12-23,97.76,109.24,93.0,107.94,41182.48
2023-12-24,107.92,118.0,107.38,112.91,66755.29
2023-12-25,112.55,125.81,109.3,120.69,57719.7
2023-12-26,120.76,121.28,102.24,112.64,44616.71
2023-12-27,112.37,114.65,105.08,106.97,31035.31
2023-12-28,106.9,109.52,97.03,101.91,34970.67
2023-12-29,101.86,109.69,99.61,106.18,22927.58
2023-12-30,106.29,107.34,101.07,101.77,8117.92
2023-12-31,101.83,104.99,100.0,101.53,8258.14
2024-01-01,101.58,109.15,101.53,109.08,15109.04
2024-01-02,109.05,116.96,106.21,106.93,29147.67
2024-01-03,106.93,109.81,95.66,98.54,27178.09
2024-01-04,98.47,107.98,97.26,105.02,15305.21
2024-01-05,104.83,105.31,95.46,99.88,15027.23
2024-01-06,99.99,100.2,91.5,93.8,13707.76
2024-01-07,93.81,96.71,87.75,89.26,18771.28
2024-01-08,89.15,99.9,85.07,98.0,25582.54
2024-01-09,98.06,104.86,95.84,99.38,23843.44
2024-01-10,99.34,105.29,92.38,102.16,25227.72
2024-01-11,101.94,106.73,98.13,99.95,25800.13
2024-01-12,99.92,100.44,88.41,92.08,21805.41
2024-01-13,92.01,104.47,90.0,95.95,19720.75
2024-01-14,96.01,102.89,94.3,94.5,19073.75
2024-01-15,94.5,96.88,93.55,94.75,7461.2
2024-01-16,94.75,98.67,94.5,97.79,10021.55
2024-01-17,97.82,102.68,96.79,102.02,25314.67
2024-01-18,102.08,103.0,91.63,94.28,24020.9
2024-01-19,94.37,95.35,88.0,93.45,22170.3
2024-01-20,93.58,94.19,90.49,92.47,6744.43
2024-01-21,92.74,93.94,91.74,91.74,6176.85
2024-01-22,91.79,91.98,82.5,83.8,23460.07
2024-01-23,83.87,85.98,79.04,84.23,19134.44
2024-01-24,84.26,89.46,83.44,88.68,13977.94
2024-01-25,88.84,89.56,85.15,87.06,9877.36
2024-01-26,86.94,93.66,85.99,92.36,12730.06
2024-01-27,92.32,94.01,90.77,93.87,5527.08
2024-01-28,93.87,98.84,93.38,95.91,15660.98
2024-01-29,96.0,101.51,95.12,101.37,14881.95
2024-01-30,101.35,106.36,101.0,101.41,19694.66
2024-01-31,101.48,102.66,96.21,97.17,21990.3
2024-02-01,96.96,98.01,93.18,97.91,17015.19
2024-02-02,97.79,102.46,97.5,100.49,13462.61
2024-02-03,100.55,101.18,96.8,97.99,7911.93
2024-02-04,97.99,98.55,95.5,95.57,4040.17
2024-02-05,95.96,98.65,94.3,95.64,8645.46
2024-02-06,95.69,97.78,93.62,96.87,5541.88
2024-02-07,96.91,101.45,94.72,100.95,10694.44
2024-02-08,101.12,104.84,100.6,102.81,17167.5
2024-02-09,102.8,109.0,102.77,106.78,31242.54
2024-02-10,106.97,110.78,106.87,109.15,15581.7
2024-02-11,109.06,110.6,107.3,107.48,11634.69
2024-02-12,107.47,111.97,103.51,111.74,19246.85
2024-02-13,111.69,115.0,108.36,112.58,21543.87
2024-02-14,112.5,118.71,110.71,116.83,17066.99
2024-02-15,116.83,118.36,111.82,113.62,20038.59
2024-02-16,113.56,114.16,108.0,110.35,13000.02
2024-02-17,110.28,110.93,105.94,108.97,6429.98
2024-02-18,108.86,113.65,107.59,112.22,5654.14
2024-02-19,112.19,114.76,110.93,111.52,11717.24
2024-02-20,111.48,112.07,104.22,108.35,17775.03
2024-02-21,108.42,108.42,100.34,105.08,18782.77
2024-02-22,105.07,107.04,101.63,101.76,14796.17
2024-02-23,101.78,103.04,98.8,99.93,12025.96
2024-02-24,100.15,104.73,98.89,104.18,6361.98
2024-02-25,103.99,104.34,101.71,103.48,5423.7
2024-02-26,103.48,110.66,100.36,109.8,13900.88
2024-02-27,110.08,112.21,105.35,108.37,16722.09
2024-02-28,108.32,118.11,107.34,118.11,44895.06
2024-02-29,118.1,134.56,117.0,125.41,54559.51
2024-03-01,125.45,139.5,125.45,129.51,29416.41
2024-03-02,129.49,131.41,127.35,130.0,12823.44
2024-03-03,129.78,131.55,126.0,130.38,9775.19
2024-03-04,130.13,134.45,127.44,132.51,22394.64
2024-03-05,132.51,142.68,119.2,125.51,45443.97
2024-03-06,125.29,134.39,120.5,130.93,20541.53
2024-03-07,130.99,149.0,130.47,143.65,49110.98
2024-03-08,143.83,152.59,142.12,144.81,29192.47
2024-03-09,144.66,149.0,143.82,144.32,12059.72
2024-03-10,144.22,148.44,140.87,143.76,17429.14
2024-03-11,143.95,149.99,137.69,148.85,23093.4
2024-03-12,148.76,155.0,143.41,150.88,25529.92
2024-03-13,150.91,165.81,148.77,163.3,27265.65
2024-03-14,163.3,177.88,160.0,176.52,45908.25
2024-03-15,176.52,188.81,165.27,183.84,56800.04
2024-03-16,183.65,196.0,176.9,182.06,39315.98
2024-03-17,181.91,203.0,179.0,201.64,38317.19
2024-03-18,201.38,209.92,194.1,196.0,39659.52
2024-03-19,196.37,198.58,166.69,170.35,34657.56
2024-03-20,170.41,192.7,163.75,191.64,29960.59
2024-03-21,190.94,194.9,176.23,179.92,17316.52
2024-03-22,180.08,181.82,167.49,175.1,19173.53
2024-03-23,175.11,178.82,170.5,172.72,9543.76
2024-03-24,172.72,186.09,171.46,183.3,12915.81
2024-03-25,183.3,194.46,180.12,189.09,18781.8
2024-03-26,189.03,196.14,186.25,190.48,15736.71
2024-03-27,190.43,192.05,180.89,186.05,10454.99
2024-03-28,186.43,190.6,181.05,189.59,12162.38
2024-03-29,189.65,192.53,183.98,191.73,10089.02
2024-03-30,191.7,199.17,190.35,194.12,14493.58
2024-03-31,194.15,203.01,193.78,202.66,6768.2
2024-04-01,202.36,204.71,187.5,193.4,14315.15
2024-04-02,193.4,195.0,176.69,181.37,15066.9
2024-04-03,181.61,191.7,178.85,185.06,10487.48
2024-04-04,185.2,190.34,180.76,184.25,7571.23
2024-04-05,184.24,185.23,167.22,175.07,15463.28
2024-04-06,175.1,179.92,174.01,178.95,3774.61
2024-04-07,179.4,182.31,177.47,179.76,5263.19
2024-04-08,179.76,184.62,175.97,180.93,10330.96
2024-04-09,180.92,181.18,169.57,172.39,7590.2
2024-04-10,172.23,174.92,164.14,173.42,9190.11
2024-04-11,173.36,176.23,170.16,172.61,6812.69
2024-04-12,172.46,175.62,149.29,153.56,16794.11
2024-04-13,153.4,154.84,125.0,138.19,37007.77
2024-04-14,138.26,153.43,130.54,151.48,20042.47
2024-04-15,151.46,155.81,133.77,138.35,15844.7
2024-04-16,138.01,140.48,126.52,136.35,18387.13
2024-04-17,136.2,142.65,126.64,131.81,17903.15
2024-04-18,131.9,143.72,127.75,142.12,13845.89
2024-04-19,141.92,146.95,128.66,142.44,17425.96
2024-04-20,142.51,152.3,139.79,150.94,8411.82
2024-04-21,151.0,153.39,147.2,148.5,7777.24
2024-04-22,148.79,158.38,146.78,157.08,11047.37
2024-04-23,157.07,159.84,153.19,155.0,8171.21
2024-04-24,155.0,159.71,146.0,148.16,11940.47
2024-04-25,148.16,152.29,142.21,144.87,9481.63
2024-04-26,144.85,146.09,139.33,139.5,11045.79
2024-04-27,139.41,142.64,134.27,141.11,9680.17
2024-04-28,140.84,145.03,137.16,137.78,7784.56
2024-04-29,137.67,138.88,133.47,137.63,10119.45
2024-04-30,137.8,139.71,121.39,127.53,11956.343
2024-05-01,127.52,135.82,119.05,134.6,15739.602
2024-05-02,134.68,140.6,128.29,137.63,12737.136
2024-05-03,137.62,144.69,135.87,143.55,7520.521
2024-05-04,143.41,148.44,142.3,146.03,5351.141
2024-05-05,146.07,147.94,142.94,145.9,5443.914
2024-05-06,145.93,156.6,145.78,152.88,11777.04
2024-05-07,152.88,159.11,148.0,148.18,14259.471
2024-05-08,148.07,149.91,140.54,142.69,11393.481
2024-05-09,142.35,153.18,141.3,152.87,9808.04
2024-05-10,152.5,155.15,144.8,146.5,10202.891
2024-05-11,146.19,147.93,143.71,145.31,3568.878
2024-05-12,145.63,147.7,143.19,143.87,1703.229
2024-05-13,143.75,150.66,138.52,147.66,8864.868
2024-05-14,147.51,148.98,141.68,142.07,4067.282
2024-05-15,142.07,158.13,141.32,158.12,10590.309
2024-05-16,157.83,164.64,156.68,159.0,18498.962
2024-05-17,159.39,171.39,159.03,169.42,18720.94
2024-05-18,169.42,175.75,168.84,172.59,5928.236
2024-05-19,172.45,175.39,167.0,170.14,7817.623
2024-05-20,169.99,187.43,167.74,186.61,16633.92
2024-05-21,186.61,188.71,174.99,178.34,13617.5
2024-05-22,178.17,183.36,175.24,177.1,6879.235
2024-05-23,177.09,180.11,165.68,175.51,13405.427
2024-05-24,175.92,175.92,163.22,168.45,8415.661
2024-05-25,168.45,170.72,166.32,169.01,2309.731
2024-05-26,169.01,169.63,161.58,163.84,3998.98
2024-05-27,163.64,172.18,163.64,169.92,6566.055
2024-05-28,170.13,173.26,165.17,168.9,6256.575
2024-05-29,168.71,173.48,167.26,168.27,4585.335
2024-05-30,168.4,171.98,163.67,167.03,5004.436
2024-05-31,166.96,170.76,164.59,165.76,3996.528
2024-06-01,165.76,167.84,165.67,166.55,2376.511
2024-06-02,166.2,167.28,161.92,163.75,2626.739
2024-06-03,163.75,167.21,162.22,165.01,4731.103
2024-06-04,165.13,171.77,164.56,171.76,4963.711
2024-06-05,171.75,175.16,171.2,173.51,4659.881
2024-06-06,173.62,174.47,168.45,170.08,3112.926
2024-06-07,170.11,172.68,159.3,162.5,7192.285
2024-06-08,162.5,163.71,157.74,158.02,8946.384
2024-06-09,157.85,162.94,156.65,162.06,3718.364
2024-06-10,162.16,163.1,157.67,158.9,2320.081
2024-06-11,159.06,159.64,144.8,149.43,11038.912
2024-06-12,149.28,161.47,145.56,155.33,7554.047
2024-06-13,155.31,155.31,146.13,147.27,6441.977
2024-06-14,147.07,151.37,139.66,143.13,9384.78
2024-06-15,143.01,145.82,143.01,145.41,2741.686
2024-06-16,145.5,151.26,143.23,151.22,2184.557
2024-06-17,151.25,151.65,140.02,143.69,4310.759
2024-06-18,143.77,143.96,130.58,137.59,8816.814
2024-06-19,137.3,141.81,134.66,135.74,2811.079
2024-06-20,135.58,141.21,132.0,133.48,3497.456
2024-06-21,133.55,135.28,128.87,134.55,4912.477
2024-06-22,134.64,136.66,133.11,133.72,2640.812
2024-06-23,133.68,135.09,128.29,128.63,3272.957
2024-06-24,128.64,132.57,122.64,132.4,8901.411
2024-06-25,132.26,139.82,131.37,136.5,4874.126
2024-06-26,136.69,140.36,134.93,136.68,5572.2
2024-06-27,136.8,151.07,135.3,149.56,10189.034
2024-06-28,149.56,150.56,139.2,140.06,6369.339
2024-06-29,140.1,143.12,139.76,140.28,2734.471
2024-06-30,140.34,147.47,137.24,146.64,6115.391
2024-07-01,146.69,150.0,145.96,147.22,8435.135
2024-07-02,147.23,154.5,146.86,154.47,9483.799
2024-07-03,154.5,154.74,139.36,140.9,9994.191
2024-07-04,140.8,143.41,127.35,127.9,8879.626
2024-07-05,127.78,136.43,121.42,134.4,11870.727
2024-07-06,134.37,143.9,132.38,142.99,6435.445
2024-07-07,142.94,142.94,131.37,131.37,4351.4
2024-07-08,131.37,141.84,127.92,139.64,10147.609
2024-07-09,139.88,144.04,136.5,141.17,7997.929
2024-07-10,141.22,146.07,138.74,141.91,10891.347
2024-07-11,141.91,145.96,135.83,136.15,5550.799
2024-07-12,136.15,140.52,134.06,138.87,5218.52
2024-07-13,138.97,143.21,137.79,141.84,2546.758
2024-07-14,141.86,148.5,141.86,147.66,5468.016
2024-07-15,147.7,159.41,147.17,158.92,11837.924
2024-07-16,158.92,162.01,152.66,160.37,8285.911
2024-07-17,160.37,163.64,154.74,155.32,6458.572
2024-07-18,155.87,161.53,155.38,158.97,4362.917
2024-07-19,159.25,171.2,156.28,169.17,8442.805
2024-07-20,169.07,174.57,167.33,173.66,4659.455
2024-07-21,173.54,184.5,170.6,183.86,6687.697
2024-07-22,183.86,184.26,176.84,179.08,5918.972
2024-07-23,178.76,180.45,170.62,172.89,7146.414
2024-07-24,173.09,182.29,170.77,178.03,8631.718
2024-07-25,178.23,179.44,165.55,171.9,11362.855
2024-07-26,171.6,183.53,171.54,183.14,7165.336
2024-07-27,183.14,188.0,178.28,183.8,9207.369
2024-07-28,183.76,186.19,181.31,184.89,2297.647
2024-07-29,184.89,193.83,181.76,182.72,13367.835
2024-07-30,182.61,184.68,175.73,179.15,5587.868
2024-07-31,179.09,184.43,172.07,172.14,6606.425
2024-08-01,172.04,178.79,158.01,166.98,19785.29
2024-08-02,167.2,169.0,150.16,152.92,12574.181
2024-08-03,152.75,154.0,140.14,142.49,6446.208
2024-08-04,142.47,145.99,132.3,138.25,11681.945
2024-08-05,138.12,139.2,110.1,129.77,42463.853
2024-08-06,129.7,149.43,129.51,144.43,18001.898
2024-08-07,144.46,154.9,142.37,144.63,19351.431
2024-08-08,144.41,163.21,141.5,163.06,18438.799
2024-08-09,162.98,163.33,151.27,156.15,6675.778
2024-08-10,156.2,158.25,152.82,154.33,2529.317
2024-08-11,154.33,157.36,141.72,141.89,6972.651
2024-08-12,141.72,150.73,141.72,146.4,9051.163
2024-08-13,145.96,149.41,143.01,146.82,4320.234
2024-08-14,146.74,152.06,142.53,143.76,9764.557
2024-08-15,143.68,147.54,138.18,142.52,8903.224
2024-08-16,142.54,144.9,136.19,139.06,5178.303
2024-08-17,139.02,141.91,137.68,141.77,2476.726
2024-08-18,141.95,146.95,140.65,142.62,4565.233
2024-08-19,142.38,146.06,140.54,144.27,3813.944
2024-08-20,144.32,148.58,141.12,142.29,4915.727
2024-08-21,142.3,144.27,138.96,142.7,2800.137
2024-08-22,142.75,144.65,140.73,143.26,3768.221
2024-08-23,143.17,153.93,142.81,153.06,8005.377
2024-08-24,153.05,162.27,151.88,160.57,12336.309
2024-08-25,160.68,161.89,155.33,159.08,7137.259
2024-08-26,158.9,161.83,155.67,157.29,5140.485
2024-08-27,157.15,159.17,145.27,146.75,5808.578
2024-08-28,146.76,148.7,140.78,143.87,8660.298
2024-08-29,144.02,147.37,138.16,140.08,4900.502
2024-08-30,140.0,140.78,132.29,138.12,5408.913
2024-08-31,137.97,139.07,134.58,135.32,1411.728
2024-09-01,135.32,136.05,127.73,128.63,5654.531
2024-09-02,128.44,135.31,127.12,134.88,2466.163
2024-09-03,134.91,137.27,127.26,127.5,5165.858
2024-09-04,127.75,134.92,123.5,133.55,6435.822
2024-09-05,133.65,134.88,128.0,129.34,10974.027
2024-09-06,129.44,134.16,121.63,124.93,10309.47
2024-09-07,125.05,129.3,124.21,127.66,1855.796
2024-09-08,127.85,131.58,126.72,129.86,3543.597
2024-09-09,129.81,137.15,127.07,134.98,9345.501
2024-09-10,134.98,137.58,132.66,135.67,3372.038
2024-09-11,135.79,135.79,128.34,132.29,4085.182
2024-09-12,132.45,136.14,132.32,135.88,3473.459
2024-09-13,135.78,139.51,131.77,138.81,6152.494
2024-09-14,138.78,139.7,135.73,137.08,1387.534
2024-09-15,137.22,137.82,130.64,131.5,4527.031
2024-09-16,131.4,132.31,129.06,131.31,4528.815
2024-09-17,131.48,135.58,130.33,131.55,4803.52
2024-09-18,131.46,134.01,127.13,134.01,6385.83
2024-09-19,133.75,143.71,133.75,142.24,10131.758
2024-09-20,142.45,152.29,141.1,146.5,8307.424
2024-09-21,146.47,149.68,144.7,149.32,5961.437
2024-09-22,149.43,149.81,141.2,144.71,5047.069
2024-09-23,144.5,148.58,142.25,144.89,7395.698
2024-09-24,144.84,153.7,143.2,152.45,12976.95
2024-09-25,152.45,153.76,147.3,147.99,3721.408
2024-09-26,147.79,157.93,146.64,155.23,8481.163
2024-09-27,155.23,160.85,154.04,157.77,4987.43
2024-09-28,157.67,159.25,155.17,156.71,1817.804
2024-09-29,156.64,161.7,155.16,158.39,5155.193
2024-09-30,158.36,159.48,151.83,152.68,5236.956
2024-10-01,152.68,157.19,143.25,145.31,6481.229
2024-10-02,145.21,148.61,138.75,140.33,6696.346
2024-10-03,140.2,142.85,133.78,137.03,5857.569
2024-10-04,136.93,144.43,136.47,143.13,3439.704
2024-10-05,143.27,144.29,141.66,142.98,2795.266
2024-10-06,142.47,146.52,142.47,146.52,2396.498
2024-10-07,146.48,152.12,143.9,144.04,6258.486
2024-10-08,143.96,145.45,141.32,143.38,2067.606
2024-10-09,143.39,145.15,138.75,139.17,3953.292
2024-10-10,139.36,140.78,135.65,139.02,2322.64
2024-10-11,138.92,146.32,138.74,145.18,2203.99
2024-10-12,145.57,147.17,144.77,146.37,2822.449
2024-10-13,146.13,148.3,144.52,147.55,1936.215
2024-10-14,147.55,157.68,146.91,157.5,7380.717
2024-10-15,157.59,158.7,150.44,154.75,3838.062
2024-10-16,154.63,158.0,153.0,154.32,1925.055
2024-10-17,154.31,155.52,147.84,150.49,3218.608
2024-10-18,150.28,156.61,149.87,155.04,3785.08
2024-10-19,154.99,159.74,153.7,159.74,3278.869
2024-10-20,159.74,167.3,157.65,166.97,6360.067
2024-10-21,166.97,170.95,161.44,165.65,5968.756
2024-10-22,165.91,170.81,163.1,167.47,5196.253
2024-10-23,167.2,173.89,164.26,170.86,5967.718
2024-10-24,170.86,179.09,170.62,177.26,5773.523
2024-10-25,177.02,177.45,159.83,165.28,9006.167
2024-10-26,164.88,173.02,162.59,170.86,3459.737
2024-10-27,170.91,177.77,170.4,176.49,3002.877
2024-10-28,176.46,179.36,172.63,178.03,5674.892
2024-10-29,177.79,183.0,177.24,179.2,7167.957
2024-10-30,179.32,180.96,173.68,175.56,3962.103
2024-10-31,175.55,180.0,167.72,168.88,6211.12
2024-11-01,168.67,173.84,163.82,166.2,3807.5
2024-11-02,166.27,168.56,162.32,166.08,1612.366
2024-11-03,166.05,166.36,158.02,162.39,4520.819
2024-11-04,162.2,164.71,155.26,157.85,5330.017
2024-11-05,157.96,169.06,156.98,166.67,4561.346
2024-11-06,166.68,189.9,166.68,186.58,18653.221
2024-11-07,186.66,197.47,185.9,196.06,8305.011
2024-11-08,196.42,204.77,195.65,199.88,11896.729
2024-11-09,199.76,203.24,195.3,200.0,4744.016
2024-11-10,199.84,214.86,198.85,210.51,15308.777
2024-11-11,209.56,223.58,204.2,222.41,16174.581
2024-11-12,222.04,224.53,204.88,211.56,19545.313
2024-11-13,211.56,220.07,201.0,214.75,12437.976
2024-11-14,214.73,222.48,206.93,208.61,8793.133
2024-11-15,208.93,219.48,203.99,218.38,7815.398
2024-11-16,218.47,221.67,213.64,215.8,7636.425
2024-11-17,215.39,241.78,211.23,237.37,16395.464
2024-11-18,237.57,248.13,234.2,239.46,9442.028
2024-11-19,239.52,246.96,234.34,237.58,6063.644
2024-11-20,237.58,242.37,231.1,235.63,9618.49
2024-11-21,235.34,259.45,230.06,256.47,15765.774
2024-11-22,256.49,264.0,251.72,256.59,10086.312
2024-11-23,255.8,263.78,253.08,254.94,9127.253
2024-11-24,254.44,259.34,240.9,252.8,8849.361
2024-11-25,252.53,256.18,231.41,234.85,9135.192
2024-11-26,233.98,239.42,222.22,231.3,6257.294
2024-11-27,230.61,243.24,227.89,242.33,5414.765
2024-11-28,241.77,244.69,233.18,238.05,3293.603
2024-11-29,237.48,246.44,236.74,243.36,3993.355
2024-11-30,243.2,245.16,237.55,238.98,5521.095
2024-12-01,238.43,239.83,233.24,236.8,7568.253
2024-12-02,236.69,238.02,220.25,225.65,19151.536
2024-12-03,225.04,238.7,215.31,234.16,12681.881
2024-12-04,233.63,239.99,224.9,228.95,9868.719
2024-12-05,229.12,243.7,223.27,235.99,15066.978
2024-12-06,235.97,245.0,231.13,236.32,5240.893
2024-12-07,235.66,243.4,233.98,238.02,2674.991
2024-12-08,238.05,241.36,233.57,236.98,3921.039
2024-12-09,236.88,237.13,207.87,216.87,11951.607
2024-12-10,216.57,220.7,204.0,213.48,8614.778
2024-12-11,214.14,230.06,211.68,227.41,7422.131
2024-12-12,227.36,234.41,225.8,226.8,3916.608
2024-12-13,226.85,228.23,220.0,224.95,4969.1
2024-12-14,224.43,227.31,215.88,221.69,3363.357
2024-12-15,220.4,225.44,215.0,223.48,4980.778
2024-12-16,224.03,227.01,213.51,216.59,6029.199
2024-12-17,216.68,228.81,211.68,222.7,8666.68
2024-12-18,223.6,225.77,205.0,206.85,11187.637
2024-12-19,206.48,212.12,187.3,193.93,9297.616
2024-12-20,193.92,199.59,175.55,194.39,10417.683
2024-12-21,194.22,201.78,178.66,181.45,4125.692
2024-12-22,181.53,187.6,177.16,180.62,1982.255
2024-12-23,180.12,197.0,176.74,190.31,9640.917
2024-12-24,190.7,198.83,185.83,197.13,8037.745
2024-12-25,197.26,201.69,195.21,197.61,2672.867
2024-12-26,197.72,199.59,186.72,188.51,3912.143
2024-12-27,188.62,194.17,183.1,184.1,5174.906
2024-12-28,184.68,195.92,184.06,195.47,11431.548
2024-12-29,195.47,197.61,188.79,189.92,8149.002
2024-12-30,189.55,196.23,186.05,191.33,5418.239
2024-12-31,191.38,198.74,188.27,189.8,7440.356
2025-01-01,189.34,195.14,188.39,194.4,6343.826
2025-01-02,194.37,210.21,193.0,208.19,7501.236
2025-01-03,208.07,219.83,205.78,217.87,5176.763
2025-01-04,217.58,217.93,213.81,216.71,4984.771
2025-01-05,216.84,218.87,211.68,213.41,6223.764
2025-01-06,213.81,222.64,211.74,218.18,6264.077
2025-01-07,218.3,219.08,201.5,202.17,8321.302
2025-01-08,202.13,203.2,188.7,198.23,10575.725
2025-01-09,198.07,198.99,182.99,186.2,5170.333
2025-01-10,186.13,192.87,183.76,187.68,3917.962
2025-01-11,187.68,191.68,184.29,188.1,2400.547
2025-01-12,188.03,190.77,185.4,188.57,1507.581
2025-01-13,188.47,191.81,170.0,182.92,8830.278
2025-01-14,183.14,189.99,182.06,187.7,2436.988
2025-01-15,187.6,205.85,186.0,205.85,8318.585
2025-01-16,205.89,216.94,198.64,210.86,9797.915
2025-01-17,211.27,221.75,210.07,219.64,9092.721
2025-01-18,219.64,267.0,217.52,261.56,28177.139
2025-01-19,262.07,294.94,238.26,253.54,39279.106
2025-01-20,253.54,272.96,231.46,241.88,20662.059
2025-01-21,241.95,259.74,231.44,250.56,7406.654
2025-01-22,250.57,271.77,249.0,257.82,8422.387
2025-01-23,256.9,265.18,242.41,253.78,7945.419
2025-01-24,253.03,269.87,247.47,253.65,8102.646
2025-01-25,253.37,260.7,246.57,255.87,5651.749
2025-01-26,255.98,259.8,240.65,240.65,3660.937
2025-01-27,240.63,242.51,221.44,235.22,12035.742
2025-01-28,234.78,243.73,225.17,227.0,4594.741
2025-01-29,227.58,238.19,223.03,227.91,4653.039
2025-01-30,228.08,244.26,227.16,238.54,4671.183
2025-01-31,238.46,241.69,228.65,232.02,5858.825
2025-02-01,231.75,233.98,213.11,213.11,5185.212
2025-02-02,213.11,218.61,193.03,203.32,13328.839
2025-02-03,203.27,218.26,180.0,215.73,25867.059
2025-02-04,216.17,219.8,202.29,207.04,9572.242
2025-02-05,206.81,209.19,195.45,195.64,5643.769
2025-02-06,196.06,203.89,187.77,190.03,6405.712
2025-02-07,189.5,203.21,188.23,192.12,4850.699
2025-02-08,191.8,200.68,189.97,199.5,2150.709
2025-02-09,199.92,206.97,194.3,200.59,9328.035
2025-02-10,200.68,208.83,196.4,201.0,10059.257
2025-02-11,200.34,205.82,195.46,198.18,10052.986
2025-02-12,198.54,198.54,188.85,196.52,5055.202
2025-02-13,196.79,198.72,189.37,194.87,5324.143
2025-02-14,194.87,205.16,194.87,199.87,6456.631
2025-02-15,198.81,200.09,193.0,194.46,10911.356
2025-02-16,194.59,196.05,186.5,188.35,2944.026
2025-02-17,188.62,189.55,175.09,177.62,5687.279
2025-02-18,177.54,178.99,161.03,169.31,9209.901
2025-02-19,169.27,174.19,164.0,169.0,2481.977
2025-02-20,168.97,176.48,167.79,175.93,4104.68
2025-02-21,176.1,180.5,167.23,169.08,2988.016
2025-02-22,168.53,174.43,168.22,172.18,1829.829
2025-02-23,172.15,172.95,166.55,168.05,1301.833
2025-02-24,168.26,169.47,139.71,142.0,8068.597
2025-02-25,142.0,146.93,132.23,144.2,6480.378
2025-02-26,144.19,145.16,131.0,134.73,3864.065
2025-02-27,135.55,142.77,135.0,137.34,3034.849
2025-02-28,137.66,148.3,125.69,148.02,11463.341
2025-03-01,147.47,151.0,138.6,143.6,5128.684
2025-03-02,143.57,179.56,140.12,178.84,19487.279
2025-03-03,179.16,179.27,139.62,142.21,9309.731
2025-03-04,141.88,146.72,130.76,145.39,6382.815
2025-03-05,144.83,149.58,140.33,146.37,5373.684
2025-03-06,146.33,152.79,142.64,143.83,5784.339
2025-03-07,143.41,150.69,135.36,139.41,3835.34
2025-03-08,139.35,141.05,135.55,137.01,1348.624
2025-03-09,136.8,139.75,125.63,126.51,7140.194
2025-03-10,126.44,131.37,115.74,118.3,5289.748
2025-03-11,119.48,128.29,113.51,125.32,8480.639
2025-03-12,125.42,131.11,121.37,126.68,1907.54
2025-03-13,126.47,128.51,120.96,123.33,1292.059
2025-03-14,123.37,135.92,123.31,133.37,2389.451
2025-03-15,133.61,136.42,132.47,135.88,1119.765
2025-03-16,135.97,136.59,125.35,126.07,1504.927
2025-03-17,126.03,130.53,125.65,128.52,2201.376
2025-03-18,127.84,128.08,121.88,125.34,3514.681
2025-03-19,125.6,135.91,124.25,135.5,3851.291
2025-03-20,135.33,135.84,126.99,127.81,1531.476
2025-03-21,127.52,129.96,125.1,128.62,1547.148
2025-03-22,128.46,131.63,128.09,128.55,556.595
2025-03-23,128.42,133.93,128.35,132.51,726.988
2025-03-24,132.87,144.87,132.42,140.92,5906.326
2025-03-25,141.01,147.33,138.3,143.99,3446.701
2025-03-26,143.73,145.16,136.0,136.79,2629.569
2025-03-27,137.23,140.06,135.79,138.46,5130.872
2025-03-28,138.34,139.07,127.92,129.53,7239.386
2025-03-29,129.95,130.45,122.98,124.23,842.152
2025-03-30,124.49,126.87,123.21,124.64,910.451
2025-03-31,124.89,127.59,122.85,124.59,3447.168
2025-04-01,124.49,130.14,123.78,126.9,2120.088
2025-04-02,126.68,135.91,117.34,117.52,4224.691
2025-04-03,117.38,120.88,112.45,117.14,6168.525
2025-04-04,117.17,123.84,113.49,122.74,6049.052
2025-04-05,122.51,122.56,117.24,120.27,4407.496
2025-04-06,120.23,121.03,103.89,106.11,4920.745
2025-04-07,106.11,112.78,95.49,106.9,10172.488
2025-04-08,107.12,112.47,103.1,105.52,4023.028
2025-04-09,105.25,120.65,101.46,119.12,13557.624
2025-04-10,119.09,119.09,108.5,112.96,2907.945
2025-04-11,112.68,122.56,112.68,121.17,2161.357
2025-04-12,121.26,133.95,119.56,132.36,3602.914
2025-04-13,132.33,133.84,125.46,128.9,1953.151
2025-04-14,128.49,136.03,128.23,129.34,3273.689
2025-04-15,129.49,134.25,125.94,126.09,1476.35
2025-04-16,126.05,133.76,123.73,131.41,1620.517
2025-04-17,131.1,136.01,129.58,134.48,2599.894
2025-04-18,134.91,135.78,132.55,134.08,1661.405
2025-04-19,134.12,140.38,134.11,139.86,1495.129
2025-04-20,139.89,141.86,135.85,137.82,1953.547
2025-04-21,137.8,142.92,134.09,136.63,3114.44
2025-04-22,136.74,150.22,135.03,148.74,4333.05
2025-04-23,148.93,154.0,147.45,151.03,2954.769
2025-04-24,151.12,152.79,145.42,152.18,2769.449
2025-04-25,152.48,156.71,150.07,150.55,2661.936
2025-04-26,151.22,152.92,147.97,149.36,1153.886
2025-04-27,149.18,150.28,145.74,148.17,1991.461
2025-04-28,147.9,153.34,144.74,147.88,4029.38
2025-04-29,147.84,150.22,145.1,146.46,1599.533
2025-04-30,146.24,148.45,140.55,147.53,1429.521
2025-05-01,147.84,153.97,147.73,150.56,2657.584
2025-05-02,150.91,151.79,147.34,148.03,1903.726
2025-05-03,148.03,148.97,145.95,146.93,869.73
2025-05-04,146.68,147.69,143.79,143.79,1469.812
2025-05-05,144.25,147.5,142.69,146.51,2737.714
2025-05-06,146.49,147.04,141.57,147.04,1963.591
2025-05-07,147.0,149.46,144.79,147.11,1257.871
2025-05-08,147.2,164.43,147.2,164.43,6031.386
2025-05-09,164.35,176.13,161.19,172.6,7197.503
2025-05-10,173.1,178.72,136.0,177.61,6668.648
2025-05-11,178.05,180.1,169.61,173.1,2611.077
2025-05-12,173.08,181.13,168.52,174.3,4456.28
2025-05-13,174.06,184.7,166.37,183.63,3888.767
2025-05-14,183.9,184.72,173.35,176.44,2995.604
2025-05-15,176.75,178.32,166.92,169.16,3890.067
2025-05-16,169.09,174.05,166.49,167.3,1250.058
2025-05-17,167.46,169.87,164.19,165.83,1554.618
2025-05-18,165.84,176.68,164.8,173.44,3765.494
2025-05-19,172.99,173.6,159.65,166.76,2249.425
2025-05-20,166.77,172.88,164.66,168.65,4017.348
2025-05-21,168.47,175.55,165.78,173.99,2678.481
2025-05-22,173.44,180.58,172.72,179.76,4086.054
2025-05-23,179.73,187.51,173.48,174.69,5529.886
2025-05-24,174.45,178.25,172.69,175.97,1061.776
2025-05-25,176.16,176.78,169.07,175.76,3783.463
2025-05-26,175.77,178.89,173.56,174.79,2235.616
2025-05-27,174.89,179.19,171.46,176.75,2737.487
2025-05-28,176.71,177.44,169.05,172.35,2086.035
2025-05-29,171.73,175.23,166.16,166.32,2865.883
2025-05-30,166.86,167.36,155.41,156.0,3063.385
2025-05-31,156.07,157.89,148.0,156.62,2273.833
2025-06-01,156.49,157.87,150.75,157.71,1402.138
2025-06-02,157.74,158.76,151.9,157.05,1019.259
2025-06-03,156.67,163.41,154.34,155.33,1661.534
2025-06-04,155.21,157.77,152.99,153.43,1409.247
2025-06-05,153.36,154.33,141.69,144.52,2892.383
2025-06-06,144.53,152.28,144.41,147.79,1083.111
2025-06-07,147.79,152.52,147.01,149.94,851.859
2025-06-08,149.86,155.1,148.13,152.5,757.5
2025-06-09,152.5,161.49,149.49,160.99,2555.239
2025-06-10,161.0,165.53,156.53,164.92,1720.133
2025-06-11,165.12,168.36,159.3,161.07,3111.427
2025-06-12,160.85,161.3,152.22,152.63,2445.122
2025-06-13,152.57,152.57,141.08,148.55,10152.235
2025-06-14,148.39,148.71,142.14,144.78,8044.101
2025-06-15,144.88,153.38,144.42,152.77,1743.805
2025-06-16,152.79,158.7,150.48,150.48,1846.154
2025-06-17,150.68,154.09,145.82,147.88,2952.952
2025-06-18,147.45,149.11,143.85,146.25,3009.665
2025-06-19,146.44,147.74,143.18,147.06,1103.143
2025-06-20,147.43,148.71,135.89,140.19,6585.198
2025-06-21,140.1,142.49,131.12,135.45,1700.078
2025-06-22,135.48,137.42,126.26,131.56,4554.166
2025-06-23,131.64,146.61,130.85,144.5,4480.386
2025-06-24,144.42,146.52,142.51,145.78,2081.981
2025-06-25,145.78,147.85,142.37,143.42,3684.029
2025-06-26,143.41,147.96,138.88,138.91,1167.359
2025-06-27,139.17,144.67,137.26,142.2,946.249
2025-06-28,141.9,152.69,141.34,150.81,1374.077
