open_time,return,cumulative_return
2020-09-18,,
2020-09-19,-0.0357165903078015,-0.0357165903078015
2020-09-20,-0.07230568474587606,-0.10543976253468401
2020-09-21,0.010387362042847847,-0.0961476414789958
2020-09-22,0.054222888555722104,-0.0471381557720848
2020-09-23,-0.036433819794805866,-0.08185455249403106
2020-09-24,0.10225954949573035,0.012034587339485148
2020-09-25,0.01778939649950595,0.030038071884881168
2020-09-26,-0.03768206734534063,-0.008775892108149774
2020-09-27,0.03336371329991539,0.02429502484351831
2020-09-28,-0.07896809147321016,-0.056591598373878726
2020-09-29,0.009233926128590975,-0.047880234884171036
2020-09-30,-0.021348695357505942,-0.06820674969348894
2020-10-01,-0.008344875346260272,-0.07598244821578348
2020-10-02,-0.08900450434721885,-0.15822417242046827
2020-10-03,-0.021847451130701412,-0.1766148286765178
2020-10-04,-0.009757053291536089,-0.18464864167258155
2020-10-05,0.05258992521071604,-0.1417693747176869
2020-10-06,-0.19289473684210534,-0.30731754533135425
2020-10-07,0.07117238809446191,-0.2580176808414528
2020-10-08,0.0367874070530938,-0.2307220752403688
2020-10-09,0.06765088285870058,-0.17867974446667068
2020-10-10,-0.049890006285355004,-0.2196554171775179
2020-10-11,-0.0010750020673117033,-0.22049428921726755
2020-10-12,0.06990894039735118,-0.16599987094276258
2020-10-13,-0.07300088978297048,-0.22688262244305313
2020-10-14,-0.039270511643435424,-0.2572433374201455
2020-10-15,-0.009035228704226572,-0.2639543137381425
2020-10-16,-0.06303423486608495,-0.31035039039814105
2020-10-17,0.017356725146198793,-0.2983803316770983
2020-10-18,0.013427756828842341,-0.2889591533845254
2020-10-19,-0.06202922225247309,-0.33306446408982326
2020-10-20,-0.08567558415171017,-0.39020455572046153
2020-10-21,0.020105820105820182,-0.3779441182164285
2020-10-22,0.011514522821576723,-0.37078144156933557
2020-10-23,0.00266639319044204,-0.3691036974898363
2020-10-24,-0.020098189628720564,-0.38178357101374416
2020-10-25,-0.06398413443974726,-0.4213396141188612
2020-10-26,-0.060273208809590195,-0.4562173323869131
2020-10-27,0.020825916696333158,-0.4448925598502931
2020-10-28,-0.11979075850043586,-0.5113893011550618
2020-10-29,-0.06174062334918118,-0.5415564302768272
2020-10-30,0.032866493067774005,-0.526488997870555
2020-10-31,0.04115562823657681,-0.5070013551009867
2020-11-01,0.07133507853403143,-0.47183325804994447
2020-11-02,-0.0892486255345144,-0.5189714138220295
2020-11-03,-0.04950030183110865,-0.5427824740272305
2020-11-04,-0.02081716180932902,-0.5523004452474667
2020-11-05,0.010521764197174877,-0.5475898561011804
2020-11-06,0.3649265440022822,-0.38249338581660897
2020-11-07,0.07215633000679245,-0.33793637478221517
2020-11-08,0.048879142300194856,-0.3055752726334122
2020-11-09,-0.0501324164846908,-0.3403884622830219
2020-11-10,0.11998630405008792,-0.26124411176356654
2020-11-11,-0.11901122417783994,-0.349164354391172
2020-11-12,-0.06880824905810023,-0.3939472155901137
2020-11-13,0.07980195911413968,-0.3455830160676254
2020-11-14,-0.05280283981659528,-0.380138091243466
2020-11-15,0.059598167811784286,-0.3431954571852611
2020-11-16,0.11214815542565204,-0.2695360392333994
2020-11-17,-0.028931095406360297,-0.29066916177324575
2020-11-18,-0.03284057311803501,-0.3139639930309085
2020-11-19,-0.03644829045760245,-0.3389688326772917
2020-11-20,0.03826630222569327,-0.3136736142479182
2020-11-21,0.10981572019556207,-0.2383041879073362
2020-11-22,-0.08920704845814975,-0.30625282312705615
2020-11-23,0.06478467119337727,-0.26130864038200874
2020-11-24,-0.024153745359248746,-0.27915080338129894
2020-11-25,0.0065795362993466,-0.2744079499257913
2020-11-26,-0.17119480634977102,-0.3986255404271788
2020-11-27,-0.004774934277589904,-0.4014970639478601
2020-11-28,0.016549865229110505,-0.39159192101697027
2020-11-29,0.01712891764331559,-0.3811705491385421
2020-11-30,0.027215849843587048,-0.36432857972510724
2020-12-01,0.0099482286062329,-0.35800477511776385
2020-12-02,0.06462961101618236,-0.3165128734593784
2020-12-03,-0.012934290030211293,-0.3253532941859705
2020-12-04,-0.1165471066475372,-0.4039814157578878
2020-12-05,0.07389162561576357,-0.35994063367103224
2020-12-06,-0.06910978929327549,-0.4041750016132146
2020-12-07,-0.0021118752369091442,-0.4054333096728391
2020-12-08,-0.0988712828304753,-0.4642188810737554
2020-12-09,-0.01541611465735282,-0.4724785442343672
2020-12-10,-0.015045871559632995,-0.48041556430276755
2020-12-11,-0.10047193243914554,-0.5326192166225714
2020-12-12,0.030374154355929717,-0.5184229205652701
2020-12-13,0.050917861449819135,-0.49390204555720396
2020-12-14,0.006247609333163373,-0.4907401432535322
2020-12-15,0.08990116573745555,-0.44495708846873516
2020-12-16,0.036912166482590214,-0.42446925211331155
2020-12-17,-0.060096423365848195,-0.4590565915983732
2020-12-18,0.00984134558034122,-0.45373298057688516
2020-12-19,-0.013230169511546874,-0.4609601858424205
2020-12-20,-0.06775603040641642,-0.49748338388075053
2020-12-21,-0.003980738362760916,-0.4994837710524612
2020-12-22,-0.04383420357119827,-0.5214235013228361
2020-12-23,-0.1901840490797546,-0.612441117635671
2020-12-24,0.13203463203463195,-0.5612699232109435
2020-12-25,0.06309751434034427,-0.5335871458992056
2020-12-26,-0.08273381294964022,-0.5721752597276886
2020-12-27,-0.005354449472096623,-0.5744660256823896
2020-12-28,0.15368867996057323,-0.5090662708911395
2020-12-29,0.0742639327024186,-0.4726076014712517
2020-12-30,-0.06240058729964526,-0.5055171968768142
2020-12-31,-0.02694767062508152,-0.5188423565851448
2021-01-01,0.237510896533226,-0.40456217332386835
2021-01-02,-0.027092928745597322,-0.42069432793443806
2021-01-03,0.2075744917850182,-0.30044524746725065
2021-01-04,0.14952495157273304,-0.19584435697231606
2021-01-05,-0.13493018777082333,-0.30434922888300864
2021-01-06,-0.08631325077686558,-0.36439310834354943
2021-01-07,0.20477157360406095,-0.23423888494547218
2021-01-08,0.355144518412404,0.037716977479513636
2021-01-09,0.05161210086123802,0.09127573078660545
2021-01-10,0.022322088519646455,0.11563528424856595
2021-01-11,-0.08901613742842274,0.016325740465898075
2021-01-12,0.22539682539682548,0.24540233593598937
2021-01-13,-0.012202072538860076,0.2302058462928327
2021-01-14,-0.04534606205250591,0.1744208556494824
2021-01-15,-0.10656593406593406,0.04926760018068177
2021-01-16,0.06134497709172537,0.11363489707685526
2021-01-17,0.10965928844593797,0.23575530747886853
2021-01-18,-0.012401764966972095,0.22042976059882724
2021-01-19,-0.03463226352244486,0.17816351551913434
2021-01-20,0.01892321174279754,0.20045815319094173
2021-01-21,-0.1912005805359206,-0.029070142608245475
2021-01-22,0.1142458379025022,0.0818545524940324
2021-01-23,0.04983448152455927,0.1357682132025566
2021-01-24,0.02977103573660589,0.16958120926631093
2021-01-25,0.02171034482758616,0.19497322062334765
2021-01-26,0.0927450927450928,0.30580112279796223
2021-01-27,-0.08526882783158729,0.19445699167580943
2021-01-28,0.033791631776559194,0.23481964251145504
2021-01-29,0.00337061036789299,0.23898173840098202
2021-01-30,0.10330460144267062,0.36697425308124276
2021-01-31,0.0063491314199397575,0.3756533522617296
2021-02-01,0.07887515538147616,0.48415822417242205
2021-02-02,0.1484782608695654,0.7045234561528058
2021-02-03,0.08409994321408276,0.8478737820223288
2021-02-04,0.1221867197457791,1.073659417951864
2021-02-05,0.03980022093945945,1.1561915209395388
2021-02-06,-0.08680363315327178,0.969026263147708
2021-02-07,0.09512027266172907,1.1563205781764236
2021-02-08,0.18484880223841516,1.5549138542943823
2021-02-09,-0.006112114362205934,1.5392979286313508
2021-02-10,0.1541237309886534,1.930663999483774
2021-02-11,0.019034932238283453,1.9864489901271245
2021-02-12,-0.005855534668654516,1.968961734529267
2021-02-13,-0.04909802216909376,1.823191585468158
2021-02-14,-0.0013485406047860637,1.8193843969800638
2021-02-15,0.01011626842442559,1.8479060463315515
2021-02-16,-0.05755200072506472,1.6840033554881617
2021-02-17,-0.010434197239986509,1.6559979350842124
2021-02-18,0.09086491739552982,1.8973349680583373
2021-02-19,0.2808017817371937,2.710911789378594
2021-02-20,-0.13163385963691998,2.2224301477705404
2021-02-21,0.10974608514558049,2.5760792411434514
2021-02-22,0.3050786289776879,3.6670645931470665
2021-02-23,0.05548527144644688,3.9260179389559324
2021-02-24,0.13250194855806718,4.578724914499587
2021-02-25,-0.20144933403505938,3.454894495708852
2021-02-26,-0.016353431106282734,3.3820416854875193
2021-02-27,-0.029289411487516293,3.2536942634058255
2021-02-28,0.01567062856969481,3.3203523262566996
2021-03-01,0.13195175684253768,3.8904304058850157
2021-03-02,-0.07845012996951994,3.506775504936444
2021-03-03,0.012335072986691342,3.562366909724468
2021-03-04,-0.07404919168917856,3.2245273278699154
2021-03-05,-0.040562110971092524,3.053171581596443
2021-03-06,0.040820225434630375,3.218622959282447
2021-03-07,0.05815589818893785,3.4639607665999925
2021-03-08,-0.015770909826823498,3.393560043879466
2021-03-09,0.08848238283372756,3.782312705684978
2021-03-10,-0.04255075123293961,3.5788217074272506
2021-03-11,0.12756842075594022,4.1629347615667625
2021-03-12,-0.0885326834145731,3.705846292830878
2021-03-13,0.05022179866029486,3.9421823578757254
2021-03-14,-0.05109088772539139,3.689681873911087
2021-03-15,-0.026865815399856885,3.5636897464025363
2021-03-16,-0.03597814022213275,3.399496676776156
2021-03-17,0.042073072353657315,3.584597018777834
2021-03-18,0.00048559062598974023,3.5868232561140934
2021-03-19,-0.005697644973410965,3.5606891656449706
2021-03-20,0.0036645584843726375,3.577402077821521
2021-03-21,0.008860099244389241,3.617958314512493
2021-03-22,0.03371084825576931,3.773633606504492
2021-03-23,-0.039911053435527255,3.583112860553663
2021-03-24,-0.04258389710592825,3.3879460540749893
2021-03-25,-0.04794852941176464,3.1775504936439383
2021-03-26,0.13882560106272046,3.7575014518939227
2021-03-27,0.11433396177791044,4.301445441053116
2021-03-28,0.0989818212801179,4.826192166225732
2021-03-29,0.04851669924741242,5.1088597793121355
2021-03-30,0.008376554099018607,5.160030973736863
2021-03-31,0.01592780373342273,5.258146738078349
2021-04-01,-0.018926094914030966,5.139704458927545
2021-04-02,0.03780991518387333,5.371846163773644
2021-04-03,0.1351113226559455,6.232754726721313
2021-04-04,0.06580661277947275,6.708717816351564
2021-04-05,-0.03719592841238217,6.421984900303296
2021-04-06,0.08992031716636895,7.08937213654257
2021-04-07,0.055116822616284145,7.535232625669499
2021-04-08,0.020635742663708045,7.711363489707701
2021-04-09,0.02484074074074072,7.927760211653885
2021-04-10,-0.030161867968645617,7.6584822868942535
2021-04-11,0.03727069134486771,7.981189907724094
2021-04-12,0.02543441477495212,8.209621217009762
2021-04-13,-0.03852958383985583,7.854778344195669
2021-04-14,-0.03722057242799115,7.525198425501726
2021-04-15,0.05174658441509283,7.966348325482368
2021-04-16,-0.08832218435929085,7.174420855649496
2021-04-17,-0.01906393324860478,7.018584242111391
2021-04-18,0.3000225326723749,9.424340194876446
2021-04-19,-0.024086018842930157,9.173259340517538
2021-04-20,0.008467857029589965,9.259405046137982
2021-04-21,0.02335367004214106,9.498999806414165
2021-04-22,0.19664972372974088,11.563625217784114
2021-04-23,-0.04390891557972976,11.011970058721067
2021-04-24,0.09733037155619528,12.181099567658281
2021-04-25,0.1616801498035665,14.312221720332998
2021-04-26,-0.07513480141681084,13.1617409821256
2021-04-27,-0.01599575329950842,12.93521326708398
2021-04-28,0.03972836807838709,13.488836549009516
2021-04-29,-0.05068286024134494,12.754500871136376
2021-04-30,0.004304409732892145,12.813705878557169
2021-05-01,0.1557824273255135,14.96563851067952
2021-05-02,-0.05141672341913228,14.144737691166064
2021-05-03,-0.021919658454695012,13.812770213589758
2021-05-04,-0.07095295867847806,12.761760340711133
2021-05-05,0.05328087927752212,13.494999032070755
2021-05-06,-0.0288208557221018,13.077240756275438
2021-05-07,-0.010226673695308275,12.933277408530715
2021-05-08,0.05669355884477856,13.723204491191876
2021-05-09,-0.02767946950787914,13.31567400141966
2021-05-10,-0.03414018480955583,12.82693424533784
2021-05-11,0.039645130579252896,13.375104859005003
2021-05-12,-0.026255661643571293,12.99767696973611
2021-05-13,-0.05398484247794144,12.242014583467798
2021-05-14,0.041649712613571976,12.79354068529396
2021-05-15,0.01652331954050945,13.02145576563209
2021-05-16,0.07786350530741104,14.113215461057013
2021-05-17,-0.002111357566623062,14.081306059237306
2021-05-18,0.1983526945211047,17.07272375298449
2021-05-19,-0.3746076915661274,10.302542427566653
2021-05-20,0.2684671620360193,13.336903916887172
2021-05-21,-0.12726450294582292,11.512324966122504
2021-05-22,-0.19444981653245053,9.079305672065583
2021-05-23,-0.21527346525906044,6.909498612634722
2021-05-24,0.2780902886839325,9.109053365167474
2021-05-25,-0.04195072130728961,8.684971284764815
2021-05-26,0.18015764085070085,10.429792863134825
2021-05-27,-0.053568756968850106,9.817513067045258
2021-05-28,-0.1349417498314831,8.357778924953237
2021-05-29,-0.05533814884410504,7.839936761953945
2021-05-30,0.0430534518313046,8.220526553526508
2021-05-31,0.1484038477015619,9.588888171904262
2021-06-01,-0.05599770865834641,8.995934697038157
2021-06-02,0.09565416669356441,9.952087500806629
2021-06-03,0.16780429460684831,11.789894818351966
2021-06-04,-0.05775081355162581,11.051267987352416
2021-06-05,0.06420859023819525,11.825062915403008
2021-06-06,0.06312704402515723,12.634671226689065
2021-06-07,-0.09378290695775837,11.355972123636858
2021-06-08,0.07728985458049253,12.31096341227337
2021-06-09,0.018045859996121738,12.551171194424754
2021-06-10,-0.022035451958905217,12.252565012583107
2021-06-11,-0.12104199634814372,10.648448086726486
2021-06-12,0.008345520618670887,10.74566045040978
2021-06-13,0.06593415649164247,11.520100664644794
2021-06-14,0.023878489259060665,11.819061753887873
2021-06-15,-0.005303110386243648,11.75108085435893
2021-06-16,0.0037069181466928836,11.798348067367902
2021-06-17,-0.0129023475314618,11.63321933277411
2021-06-18,-0.06351614336719846,10.830805962444366
2021-06-19,-0.04095624570474843,10.346260566561291
2021-06-20,0.003000005687214591,10.380299412789594
2021-06-21,-0.24654330192985396,7.574562818610069
2021-06-22,0.013602498494882598,7.6911982964444885
2021-06-23,0.14483526682134573,8.94999032070725
2021-06-24,0.012043192061999441,9.069819965154563
2021-06-25,-0.08292428164970655,8.234787378202247
2021-06-26,0.0390464777463726,8.595373298057703
2021-06-27,0.07253891237025023,9.29141124088535
2021-06-28,0.03394028315965025,9.640704652513408
2021-06-29,0.029766705680446925,9.957443376137338
2021-06-30,0.04691488891833395,10.471510614957754
2021-07-01,-0.06356103817206116,9.742369490869219
2021-07-02,0.021829169031893914,9.976866490288463
2021-07-03,0.015166790607171299,10.143350325869545
2021-07-04,-0.003164657750805544,10.10808543589084
2021-07-05,-0.043647105296789945,9.623249661224774
2021-07-06,0.042595905326234584,10.075756598051258
2021-07-07,0.06886466520236989,10.838484868038998
2021-07-08,-0.09633110034285208,9.698070594308598
2021-07-09,0.0026992303423649666,9.726947151061518
2021-07-10,-0.045700226485919204,9.236723236755521
2021-07-11,0.013474030578957796,9.374653158675892
2021-07-12,-0.04230730954868889,8.935729496031508
2021-07-13,-0.054028602231545486,8.398915919210188
2021-07-14,0.07618687995606055,9.11498999806416
2021-07-15,-0.09004031846483618,8.204233077369832
2021-07-16,-0.07993662277934355,7.4684777698909635
2021-07-17,0.020329787558291956,7.640640123894965
2021-07-18,-0.004428545823873864,7.602374653158693
2021-07-19,-0.08041346925610038,6.910627863457459
2021-07-20,-0.042686657258689475,6.572949603149012
2021-07-21,0.13511648119429442,7.596179905788235
2021-07-22,0.03923732312427286,7.933470994386029
2021-07-23,0.028838791696161437,8.191101503516828
2021-07-24,0.007547328772172568,8.26046976834228
2021-07-25,-0.016420515714987483,8.108408078983048
2021-07-26,0.003099473620822968,8.136639349551547
2021-07-27,-0.007203873141206518,8.070820158740423
2021-07-28,-0.008365908921146303,7.994934503452303
2021-07-29,0.11978593129571102,9.072401109892262
2021-07-30,0.03638559311175471,9.438891398335189
2021-07-31,0.13582738615887213,10.856778731367392
2021-08-01,-0.06833401816108786,10.046557398206133
2021-08-02,-0.03025320041942059,9.71236368329357
2021-08-03,0.02738999876513093,10.005775311350613
2021-08-04,0.04820103602032155,10.53626508356459
2021-08-05,0.044695221714141864,11.051881009227623
2021-08-06,0.05801315000428353,11.751048590049722
2021-08-07,-0.003676563614924855,11.704168548751406
2021-08-08,-0.04339268526208062,11.152900561399013
2021-08-09,0.026668117992815876,11.47699554752536
2021-08-10,0.050603549928629254,12.108375814673845
2021-08-11,0.025169771660500828,12.438310640769217
2021-08-12,-0.014095801511139094,12.248886881331906
2021-08-13,0.09342093727778367,13.486610311673264
2021-08-14,-0.0181760275101448,13.223301284119543
2021-08-15,0.21353470783985928,16.260469768342304
2021-08-16,0.16150221226945005,19.04807382073955
2021-08-17,0.03379146080435169,19.72552752145582
2021-08-18,0.13333966408610665,22.4890623991741
2021-08-19,0.0007225076234169681,22.50603342582442
2021-08-20,0.08074438676487139,24.40401368006718
2021-08-21,-0.06143855763222472,22.843227721494547
2021-08-22,-0.018113740651179877,22.41133767826037
2021-08-23,0.04297343893628969,23.41740336839395
2021-08-24,-0.06745701929061176,21.770278118345548
2021-08-25,0.019763596328403077,22.220300703362
2021-08-26,0.0397532270838834,23.143382590178806
2021-08-27,0.17672323934250955,27.410079370200755
2021-08-28,0.0926917739301476,30.043460024520954
2021-08-29,-0.01985426555430947,29.427114925469525
2021-08-30,0.16936285997255718,34.58033812996072
2021-08-31,-0.01784494961356653,33.94540878879791
2021-09-01,0.0214745110784067,34.6958443569724
2021-09-02,0.1593463954220924,40.38384848680399
2021-09-03,0.14084891369515162,46.212718590695076
2021-09-04,-0.04996682181709833,43.85364909337301
2021-09-05,0.022232148894326897,44.850842098470764
2021-09-06,0.15715350281225615,52.0564625411371
2021-09-07,0.05533825661383407,54.99251468026082
2021-09-08,0.10090916843759934,60.64267277537601
2021-09-09,-0.016591007943773217,59.61995870168434
2021-09-10,-0.04470701570903557,56.90982125572705
2021-09-11,-0.0023327763715995653,56.77473059301814
2021-09-12,-0.02684972663863261,55.22349486997496
2021-09-13,-0.025491925529283588,53.7902497257535
2021-09-14,-0.06446825963729175,50.25801768084157
2021-09-15,-0.0014439560619402547,50.18400335548828
2021-09-16,-0.0411750652579399,48.076498677163436
2021-09-17,-0.0305158778944129,46.5788862360458
2021-09-18,0.14834334694098983,53.636897464025424
2021-09-19,-0.09738304114287344,48.316190230367276
2021-09-20,-0.13169657168503102,41.821417048461086
2021-09-21,-0.06457244423816333,39.0563334839002
2021-09-22,0.19354155356478353,46.8088984964833
2021-09-23,0.012139380168161518,47.38926889075316
2021-09-24,-0.07176400224833424,43.9166612892819
2021-09-25,-0.022318045436293676,42.91420920178109
2021-09-26,-0.004465581300690524,42.71810673033501
2021-09-27,0.00695203465094818,43.022036523198146
2021-09-28,-0.030862220476261415,41.66341872620517
2021-09-29,0.02329181508118383,42.65712718590706
2021-09-30,0.045170788162668396,44.629154029812334
2021-10-01,0.1431238200292737,51.15977285926321
2021-10-02,0.045223426365795794,53.51861650642073
2021-10-03,0.022110371356709457,54.72404336323172
2021-10-04,-0.03204078950339606,52.9386010195523
2021-10-05,-0.016099075652017403,52.07023940117455
2021-10-06,-0.06346075864253398,48.70236174743511
2021-10-07,0.0017572501988021294,48.789701232496725
2021-10-08,0.0276850041019141,50.16812931535147
2021-10-09,-0.011189825367849848,49.59556688391313
2021-10-10,-0.05865667958414922,46.627798928825044
2021-10-11,-0.01827763085160583,45.757275601729475
2021-10-12,0.052137911047167584,48.19510227786034
2021-10-13,-0.029139801659678777,46.76156675485588
2021-10-14,0.01387738613625955,47.42437245918575
2021-10-15,0.08714308082339195,51.6442214622186
2021-10-16,-0.03534509439801914,49.78350648512626
2021-10-17,0.016826092260149972,50.63799445053892
2021-10-18,-0.01745926816406196,49.736432857972616
2021-10-19,-0.00794899922099812,49.33312899270837
2021-10-20,0.13343119501290035,56.04913854294391
2021-10-21,0.07565515068875883,60.36519971607421
2021-10-22,0.03166744919564257,62.30847906046345
2021-10-23,0.0072893303020156175,62.769955475253404
2021-10-24,0.02357213762202215,64.2731496418663
2021-10-25,0.03674305858998883,66.6714848035105
2021-10-26,-0.04758773916401671,63.45115183583931
2021-10-27,-0.0778784931310037,58.431793250306626
2021-10-28,0.06062988150566584,62.03513583274195
2021-10-29,0.02565630228831184,63.652384332451575
2021-10-30,-0.02281524036897231,62.177324643479515
2021-10-31,0.03447749318478266,64.35552042330788
2021-11-01,0.006164998625118434,64.75843711686147
2021-11-02,0.0836114904100207,70.25659805123588
2021-11-03,0.10163697342165157,77.49890301348665
2021-11-04,0.015607512551402802,78.724075627541
2021-11-05,-0.044995726371203526,75.13683293540703
2021-11-06,0.09508789995698752,82.37652448861088
2021-11-07,-0.034999605289431135,79.45837904110492
2021-11-08,-0.003990011737451615,79.13734916435457
2021-11-09,-0.037662398838543054,76.11918435826307
2021-11-10,-0.024558703924974723,74.22523714267294
2021-11-11,0.0013163024639175624,74.32425630767263
2021-11-12,-0.020587680973185973,72.77350454926777
2021-11-13,0.05663457736943567,76.95163580047769
2021-11-14,-0.011787504558091633,76.03278053816886
2021-11-15,-0.004398643967843285,75.69394076272846
2021-11-16,-0.0783483070626978,69.68510034200186
2021-11-17,-0.0005135077646939434,69.64880299412808
2021-11-18,-0.1089958437020051,61.948377105246344
2021-11-19,0.10314491584410623,68.44118216429004
2021-11-20,0.013192179383531677,69.35726269600586
2021-11-21,0.056392282495197454,73.32486932954784
2021-11-22,-0.06336013891149828,68.61563528424873
2021-11-23,0.02809608711631606,70.57156223785266
2021-11-24,-0.0720447155442776,65.415209395367
2021-11-25,0.01989727336719982,66.73669097244644
2021-11-26,-0.08344594321032683,61.08433890430422
2021-11-27,0.003011055781964922,61.271278311931496
2021-11-28,0.040137593288415374,63.770697554365526
2021-11-29,0.01655788310154449,64.8431631928762
2021-11-30,0.021166800523142904,66.23685229399256
2021-12-01,0.10163157366890285,73.0702394011746
2021-12-02,0.01866375575905388,74.45266825837278
2021-12-03,-0.09413148149731887,67.35019681228643
2021-12-04,-0.051157310594652894,63.85358456475464
2021-12-05,-0.012998041861187137,63.01061495773392
2021-12-06,-0.019692078157408588,61.75011292508244
2021-12-07,-0.02237725059219675,60.34593792346923
2021-12-08,0.023481136620390863,61.786410272956225
2021-12-09,-0.06816848081348326,57.50635606891672
2021-12-10,-0.07738787854055429,52.97867329160498
2021-12-11,0.02495913067127309,54.32593405175211
2021-12-12,0.008001063698264144,54.768600374266136
2021-12-13,-0.10501639579471578,48.91198296444487
2021-12-14,0.04589158691947892,51.20252306898124
2021-12-15,0.10380323430976568,56.62131380267165
2021-12-16,-0.008937155463725865,56.10634316319304
2021-12-17,-0.00841886286310256,55.62557269148884
2021-12-18,0.041387354114092334,57.969155320384765
2021-12-19,-0.01574282290760476,57.04081435116491
2021-12-20,-0.034585809128492295,55.033425824353266
2021-12-21,0.036592963666724376,57.08385493966592
2021-12-22,-0.009469790601421724,56.53381299606393
2021-12-23,0.06479856752147684,60.2619216622574
2021-12-24,0.0016236980922206268,60.361392527586176
2021-12-25,0.014958185121211942,61.27924759630916
2021-12-26,0.025102536778285778,62.84261469961948
2021-12-27,-0.011346625980801828,62.11821642898646
2021-12-28,-0.09520335983593409,56.1091501580953
2021-12-29,-0.0366968900720378,54.01342195263617
2021-12-30,0.011678003338247978,54.6558688778475
2021-12-31,-0.0148017562918914,53.83206427050414
2022-01-01,0.05366159350148436,56.7744402142352
2022-01-02,-0.013548628132293183,55.991675808221125
2022-01-03,-0.03744451992753617,53.85764986771651
2022-01-04,-0.014683653892526904,53.05213912370154
2022-01-05,-0.07817443168116356,48.82664386655498
2022-01-06,-0.02583843965688626,47.53920113570384
2022-01-07,-0.09381530738674737,42.98548106085063
2022-01-08,0.03971580431398847,44.73239981932002
2022-01-09,-0.006072963038739054,44.45466864554446
2022-01-10,-0.03499945344408306,42.8637800864685
2022-01-11,0.031744432201507244,44.25621087952523
2022-01-12,0.07954110407928883,47.85593985932778
2022-01-13,-0.034989806774483156,46.14647996386413
2022-01-14,0.0006234354234502248,46.17587274956459
2022-01-15,0.010515200363295785,46.67193650383961
2022-01-16,0.0008053905670490913,46.710331031812764
2022-01-17,-0.0544837678717065,44.1108924307932
2022-01-18,0.010348549207641167,44.57772472091387
2022-01-19,-0.04091853810889701,42.71275085500434
2022-01-20,-0.05798353007344825,40.17813125121004
2022-01-21,-0.11939511468923236,35.261663547783556
2022-01-22,-0.15756913018487506,29.54794476350271
2022-01-23,0.05578879661344538,31.252177840872527
2022-01-24,-0.08020215601066005,28.665483641995316
2022-01-25,0.030085311685656313,29.557978963670482
2022-01-26,-0.028005076474426516,28.702200425888975
2022-01-27,-0.02662966141278955,27.911240885332738
2022-01-28,0.01921490946628346,28.466767761502318
2022-01-29,0.052669844179250136,30.018777827966797
2022-01-30,-0.028865316685319997,29.123410982770952
2022-01-31,0.06467126156087155,31.071529973543363
2022-02-01,0.10461306305173412,34.42663096083123
2022-02-02,-0.07217491960477695,31.869716719365137
2022-02-03,-0.002082916161152193,31.801251855197876
2022-02-04,0.10643766438923441,35.29254049170818
2022-02-05,0.011666434043264395,35.715945021617195
2022-02-06,0.012596948612182857,36.17845389430224
2022-02-07,0.017716602057260777,36.837129767051806
2022-02-08,-0.03358590768160297,35.56633541975877
2022-02-09,0.0032435189180270996,35.68493902045569
2022-02-10,-0.06514085590929919,33.29525069368275
2022-02-11,-0.0928089547268115,30.1123443247081
2022-02-12,-0.004651061499788445,29.967638897851288
2022-02-13,-0.03286167797618489,28.94999032070732
2022-02-14,0.03847479720339986,30.102310124540324
2022-02-15,0.09637598095406053,33.099825772730306
2022-02-16,-0.037115499247793005,31.834193714912658
2022-02-17,-0.07999013425859047,29.207782151384226
2022-02-18,-0.04001238972080412,27.99909659934189
2022-02-19,0.014715208534064272,28.42582435310068
2022-02-20,-0.0066072822645018014,28.231399625734092
2022-02-21,-0.08427391671946294,25.76795508808164
2022-02-22,0.039102219500847246,26.814641543524626
2022-02-23,-0.019900543680626104,26.26111505452676
2022-02-24,0.05968061297313043,27.88807511131195
2022-02-25,0.03659099107953567,28.94511841001492
2022-02-26,-0.029200996854929162,28.070691101503595
2022-02-27,-0.05026542229502884,26.60944053687818
2022-02-28,0.16421709260079442,31.14338259017883
2022-03-01,-0.010074760201234323,30.81954571852625
2022-03-02,0.02027549773629489,31.46470284571216
2022-03-03,-0.05226736738119531,29.767858295153985
2022-03-04,-0.07318960717015921,27.51597083306454
2022-03-05,0.01374481797280902,27.907917661482944
2022-03-06,-0.058006276981869886,26.231076982641877
2022-03-07,-0.0320995260663508,25.35697231722276
2022-03-08,0.007326406400720797,25.55007420791128
2022-03-09,0.06923621904670485,27.388300961476492
2022-03-10,-0.05881116123232255,25.7187520165194
2022-03-11,-0.025860955101971728,25.027779570239474
2022-03-12,0.008661158663947788,25.253210298767577
2022-03-13,-0.02939072769549178,24.48160934374402
2022-03-14,0.029181655074786983,25.225204878363627
2022-03-15,0.01924647894255105,25.729947731819138
2022-03-16,0.059787463124707285,27.328063496160627
2022-03-17,0.0007551252847379786,27.34945473317424
2022-03-18,0.019726561833148804,27.908692004904257
2022-03-19,0.03083719123746098,28.80015486868435
2022-03-20,-0.042492307492426606,27.53387752468228
2022-03-21,0.003993762855065475,27.647835064851343
2022-03-22,0.01759973691056871,28.15202942505009
2022-03-23,0.05168127959200364,29.65864360844042
2022-03-24,0.07656850838846019,32.006130218752105
2022-03-25,-0.03669823419928986,30.794863521972083
2022-03-26,0.03370033994621746,31.866361231206128
2022-03-27,0.05074705986295713,33.53423243208372
2022-03-28,-0.01280043798593733,33.09217913144489
2022-03-29,0.05823292982653716,35.077466606440055
2022-03-30,0.07928383943622919,37.93782667613097
2022-03-31,0.017198648701276742,38.60750467832494
2022-04-01,0.09405870828734209,42.332935406853046
2022-04-02,-0.01340296531579721,41.752145576563315
2022-04-03,0.032406079724691894,43.13757501451906
2022-04-04,-0.03295540935672525,41.68300316190241
2022-04-05,-0.041089501457763355,39.9291798412597
2022-04-06,-0.10829216457413504,35.49687036200564
2022-04-07,0.04658304926519463,37.19700587210437
2022-04-08,-0.07118469977480779,34.47796347680205
2022-04-09,0.025720168351515582,35.390462670194324
2022-04-10,-0.016195785744303914,34.80109053365177
2022-04-11,-0.10545511567483967,31.025682390140112
2022-04-12,0.03929663793416105,32.28418403561989
2022-04-13,0.016904644196934937,32.84684132412735
2022-04-14,-0.03951293028257019,31.509453442601888
2022-04-15,0.006316010948810957,31.71478350648522
2022-04-16,0.007630463469045168,31.964412466929176
2022-04-17,-0.018754055744402254,31.346196037942917
2022-04-18,0.020886988822368835,32.021810673033585
2022-04-19,0.06082299766091692,34.03029618635875
2022-04-20,-0.028386457394064313,33.03591017616322
2022-04-21,-0.035440971685709366,31.829644447312475
2022-04-22,-0.012369265725949874,31.423565851455216
2022-04-23,0.0002627032965283327,31.432083629089597
2022-04-24,-0.013314763231197735,31.000258114473866
2022-04-25,0.018737346443291836,31.599858037039525
2022-04-26,-0.05251781472684092,29.887784732528967
2022-04-27,0.027387458530756303,30.733722655998033
2022-04-28,-0.0011549938742623223,30.697070400722815
2022-04-29,-0.04329110084393728,29.324869329547745
2022-04-30,-0.09957771609200661,26.30518810092284
2022-05-01,0.06014909659374901,27.947570497515734
2022-05-02,-0.02435797552610841,27.242466283796947
2022-05-03,-0.019328334934603175,26.696586436084484
2022-05-04,0.0807732273411399,28.93372910885987
2022-05-05,-0.08846196131352091,26.28573272246249
2022-05-06,-0.03429254553065286,25.350035490740222
2022-05-07,-0.034039718719273915,24.45308769439254
2022-05-08,-0.043492590249881835,23.346066980706016
2022-05-09,-0.1746291324203334,19.094534426017997
2022-05-10,0.07383953372617658,20.57830547847977
2022-05-11,-0.23828719583491587,15.436471575143624
2022-05-12,-0.12458385024890462,13.388752661805555
2022-05-13,0.09890238023163245,14.811834548622361
2022-05-14,0.07004276922574637,15.919339226947201
2022-05-15,0.1185568976235607,17.925243595534674
2022-05-16,-0.08419128866339687,16.33190294895791
2022-05-17,0.06299878068077103,17.42379170161972
2022-05-18,-0.12619893630248658,15.098728786216732
2022-05-19,0.0467548761032861,15.851422856036702
2022-05-20,-0.05412287738874533,14.939375362973527
2022-05-21,0.01847072516573034,15.233787184616425
2022-05-22,0.04314220411408143,15.934148544879704
2022-05-23,-0.06500056205785576,14.833419371491303
2022-05-24,0.01224271051328496,15.02726334129191
2022-05-25,-0.03449629490950157,14.474382138478461
2022-05-26,-0.09436149562251228,13.014196296057344
2022-05-27,-0.052473086592564666,12.278828160289128
2022-05-28,0.07598818166797883,13.287862166871053
2022-05-29,0.014664504852790472,13.497386590953134
2022-05-30,0.05182359591571495,14.248693295476594
2022-05-31,-0.032269189916592333,13.75663031554499
2022-06-01,-0.12258427039991959,11.947699554752573
2022-06-02,0.018803840508745395,12.191166032135294
2022-06-03,-0.06344182542613741,11.354294379557373
2022-06-04,0.018427354802315943,11.581951345421734
2022-06-05,-0.014516687395022543,11.399303090920863
2022-06-06,0.10378762646238382,12.68619732851524
2022-06-07,-0.07154576958438441,11.70700780796287
2022-06-08,-0.013888853623670427,11.530522036523237
2022-06-09,0.028892476523736388,11.892559850293646
2022-06-10,-0.07035426134657352,10.985513325159745
2022-06-11,-0.08766578999082042,9.93479383106411
2022-06-12,-0.09637576605205467,8.880944698974025
2022-06-13,-0.06705632653061222,8.2183648448087
2022-06-14,0.033078533078533034,8.523294831257692
2022-06-15,0.17729066793149584,10.21168613279993
2022-06-16,-0.13380048633793284,8.711557075563041
2022-06-17,0.01637541528239206,8.870587855714039
2022-06-18,0.04490911289874444,9.313867200103276
2022-06-19,0.07248144950386015,10.061431244757081
2022-06-20,0.027879056580659256,10.369813512292735
2022-06-21,0.032752925685876066,10.742208169323128
2022-06-22,-0.06313438003176364,10.000871136349001
2022-06-23,0.11910453101674379,11.311124733819483
2022-06-24,0.09775113936855795,12.514551203458772
2022-06-25,0.0074462243655550875,12.615183583919508
2022-06-26,-0.06598039285384216,11.716848422275316
2022-06-27,-0.024008869809664435,11.411531264115672
2022-06-28,-0.08160745340969056,10.398657804736434
2022-06-29,-0.03569305669563261,9.991804865457862
2022-06-30,-0.008709052483268809,9.89607665999874
2022-07-01,-0.027271677430244057,9.598922372072044
2022-07-02,0.01583547182217515,9.766761308640413
2022-07-03,0.0014503828231522409,9.782377234303446
2022-07-04,0.09789071453578657,10.837871846163809
2022-07-05,-0.03401716529982046,10.435181002774764
2022-07-06,0.0456517936245493,10.957217525972803
2022-07-07,0.03838889158720127,11.416241853261957
2022-07-08,-0.009401578363377072,11.299509582499873
2022-07-09,-0.00016263958804962897,11.297509195328162
2022-07-10,-0.03652639781292866,10.848325482351457
2022-07-11,-0.08990624327731889,9.78308704910631
2022-07-12,-0.022036976640505523,9.545460411692616
2022-07-13,0.06925585749863838,10.275795315222332
2022-07-14,0.06343960490096778,10.99112731496422
2022-07-15,0.005741915173562484,11.059979350842132
2022-07-16,0.059541931634861545,11.778053816867816
2022-07-17,-0.024424115563209114,11.465961153771731
2022-07-18,0.12669979553277932,13.04539588307418
2022-07-19,0.03083457570585524,13.478479705749539
2022-07-20,-0.06293315149327239,12.567303349035333
2022-07-21,0.025531206525487127,12.913692972833488
2022-07-22,-0.06065749777966378,12.069723172226917
2022-07-23,-0.013476250546184287,11.893592308188717
2022-07-24,0.02515364442576007,12.217913144479612
2022-07-25,-0.10727013542409114,10.800025811447409
2022-07-26,-0.008992972958193124,10.69390849841908
2022-07-27,0.11054212961557863,11.98657804736404
2022-07-28,0.06579032362250503,12.84096921984904
2022-07-29,-0.023879511500348505,12.510453636187686
2022-07-30,0.04621211578462203,13.134800283925959
2022-07-31,-0.03311389793058106,12.666741950054886
2022-08-01,-0.0161619690878142,12.445860489126966
2022-08-02,-0.04544549252413377,11.834806736787801
2022-08-03,-0.03259159079139873,11.416499967735724
2022-08-04,0.007701962129420981,11.512131380267181
2022-08-05,0.04640524392665335,12.092759889010814
2022-08-06,-0.012439717395643757,11.9298896560625
2022-08-07,0.014001282598334663,12.110924695102314
2022-08-08,0.036996751648784354,12.595986319932928
2022-08-09,-0.04237839171891389,12.019810285861816
2022-08-10,0.05270657388684041,12.706039878686235
2022-08-11,0.006400583797271819,12.793766535458516
2022-08-12,0.06251812763727882,13.656126992321138
2022-08-13,0.023040074672208588,13.993805252629588
2022-08-14,-0.03484048390636907,13.471413822030115
2022-08-15,-0.025786630459258775,13.098244821578415
2022-08-16,-0.012147537194394875,12.926985868232606
2022-08-17,-0.061146337451610466,12.075401690649844
2022-08-18,-0.025494807024643573,11.742046847777027
2022-08-19,-0.09160173905557223,10.574853197393079
2022-08-20,-0.016557445136041515,10.383203200619509
2022-08-21,0.034029551232812816,10.770568497128508
2022-08-22,-0.027435673227947044,10.447635026134122
2022-08-23,0.005758043787062128,10.51355100987291
2022-08-24,-0.02193352407587479,10.26101826159905
2022-08-25,0.010959131750252205,10.38442924436991
2022-08-26,-0.10007396931832035,9.245144221462247
2022-08-27,-0.005152139271520251,9.192359811576463
2022-08-28,-0.03580857354496014,8.827385945666931
2022-08-29,0.06434879674316285,9.459766406401268
2022-08-30,-0.030593170671519676,9.139768987546006
2022-08-31,0.002421469300478485,9.164322126863292
2022-09-01,0.003002860017839337,9.19484416338649
2022-09-02,-0.010874140370087826,9.083983996902655
2022-09-03,-0.005045705710894244,9.033103181260916
2022-09-04,0.033363776104139875,9.367845389430238
2022-09-05,0.00058504828204331,9.373911079563815
2022-09-06,-0.03995907056595216,8.959379234690612
2022-09-07,0.05894758666714184,9.546460605278469
2022-09-08,0.028530609372944493,9.847357553074817
2022-09-09,0.033363771292939104,10.20926630960834
2022-09-10,0.008102584767716303,10.300090340065848
2022-09-11,0.000322640512798511,10.303736207007837
2022-09-12,0.06902850879696776,11.08401626121188
2022-09-13,-0.11944239744534513,9.640672388204198
2022-09-14,0.0334933307458829,9.997063947860905
2022-09-15,-0.030506714234999732,9.661579660579495
2022-09-16,-0.024930018611266536,9.395786281215747
2022-09-17,0.04684255773462387,9.882751500290405
2022-09-18,-0.07789208419804328,9.035071304123404
2022-09-19,0.04846524578252054,9.521423501322865
2022-09-20,-0.03423479228827886,9.161224753178061
2022-09-21,-0.026217942001098615,8.894818351939112
2022-09-22,0.05675296726229284,9.456378653933045
2022-09-23,0.039736488884089205,9.871878428082884
2022-09-24,-0.009152340167911555,9.772375298444889
2022-09-25,-0.033368375968539477,9.412918629412172
2022-09-26,0.05013664334537604,9.934987416919432
2022-09-27,-0.0359495926755361,9.541879073369065
2022-09-28,0.016925030988415912,9.72030070336197
2022-09-29,0.021825952176726338,9.954281473833673
2022-09-30,-0.021975335550208253,9.713557462734748
2022-10-01,-0.022824463343532386,9.46902626314773
2022-10-02,-0.011979277421820367,9.34361489320516
2022-10-03,0.025362612682866104,9.605955991482247
2022-10-04,0.038077883676430835,10.009808350003253
2022-10-05,0.0004161318493249855,10.014389881912653
2022-10-06,-0.02254379284082242,9.766083758146763
2022-10-07,-0.011597799115330654,9.641220881460953
2022-10-08,-0.012707162218705048,9.506001161515156
2022-10-09,0.011663795247878861,9.628541007937047
2022-10-10,-0.02969148900646912,9.312963799445077
2022-10-11,-0.036272056063070934,8.938891398335183
2022-10-12,0.009995260448114829,9.038233206427071
2022-10-13,-0.020072318200080375,8.836742595341054
2022-10-14,-0.014746785620572078,8.691682261082809
2022-10-15,-0.017004900394162137,8.526876169581227
2022-10-16,0.020834744442487674,8.725366199909677
2022-10-17,0.035404806454609306,9.069690907917678
2022-10-18,-0.03495033643063128,8.717751822933486
2022-10-19,-0.04006414513001666,8.328418403561995
2022-10-20,-0.02963424124513614,8.051977802155271
2022-10-21,0.0013401911198080985,8.064109182422419
2022-10-22,-0.0011568594647122232,8.053623281925548
2022-10-23,0.0439830653438249,8.451829386332854
2022-10-24,-0.03465096432838366,8.124314383429066
2022-10-25,0.09211135824384087,8.964767374330531
2022-10-26,0.012579003263741395,9.090114215654658
2022-10-27,-0.022233023058007895,8.865780473640076
2022-10-28,0.0486493557459613,9.34574433761375
2022-10-29,0.02525759692630114,9.60705297799576
2022-10-30,0.001466137397149625,9.622604375040348
2022-10-31,-0.011238105073245075,9.503226430922131
2022-11-01,-0.010604017362081719,9.391850035490757
2022-11-02,-0.0436934349628203,8.93779441182166
2022-11-03,0.0010616469488200497,8.94834484093697
2022-11-04,0.09392908454655435,9.882783764599617
2022-11-05,0.08996415664347279,10.8618442279151
2022-11-06,-0.11087023930628925,9.546718719752226
2022-11-07,-0.09398106367682824,8.555526876169596
2022-11-08,-0.17921489445037198,6.8430341356391695
2022-11-09,-0.4204420639524121,3.545492676001815
2022-11-10,0.2607411823995798,4.730689810931158
2022-11-11,-0.0718061897228306,4.319190811124743
2022-11-12,-0.11954774570400883,3.683293540685302
2022-11-13,-0.0925913168083552,3.2496612247531855
2022-11-14,0.06536131314818472,3.5274246628379764
2022-11-15,0.021714187980587774,3.6257340130347897
2022-11-16,-0.004777847527376755,3.6036329612183087
2022-11-17,-0.04450362687037879,3.3987545976640723
2022-11-18,-0.02890673708145375,3.271600955023561
2022-11-19,-0.03131561853256193,3.1378331289927157
2022-11-20,-0.043907117459921485,2.956152803768478
2022-11-21,-0.032532193741487636,2.827450474285352
2022-11-22,0.047619449033954764,3.009711557075569
2022-11-23,0.1545579632594929,3.6294444085952184
2022-11-24,0.01595288706136544,3.7032974124024074
2022-11-25,-0.03805891311207765,3.524295024843524
2022-11-26,0.009705760700583266,3.568206749693495
2022-11-27,-0.004046981714422859,3.549719300509782
2022-11-28,-0.054540683903725906,3.3015744982899973
2022-11-29,0.0014326110273545911,3.307736981351235
2022-11-30,0.060150995401231366,3.5668516487062076
2022-12-01,-0.04582994807305096,3.357553074788675
2022-12-02,0.015519258392690638,3.4251790669161837
2022-12-03,-0.03062251192090637,3.2896689681873976
2022-12-04,0.03129653865246618,3.4239207588565588
2022-12-05,0.008576742150749439,3.461863586500619
2022-12-06,0.03328488477196645,3.6103762018455248
2022-12-07,-0.056279479894187245,3.3509066270891203
2022-12-08,0.0152389286032093,3.4172097825385617
2022-12-09,-0.0060844222720533025,3.3903336129573525
2022-12-10,-0.0031306494995370082,3.376589017229147
2022-12-11,-0.01065994338287335,3.3299348260953794
2022-12-12,-0.008047570080922717,3.295089372136549
2022-12-13,0.043674223644476484,3.482674065948255
2022-12-14,0.017180572349859036,3.5596889720591163
2022-12-15,-0.013953850399439638,3.4960637542750286
2022-12-16,-0.12154918156310324,2.9495708846873656
2022-12-17,0.01982632563534903,3.0278763631670707
2022-12-18,-0.010837872476770372,2.9842227527908682
2022-12-19,-0.03261072015677757,2.8542943795573392
2022-12-20,0.026234722919805664,2.95541072465639
2022-12-21,-0.009543697081423108,2.9176614828676573
2022-12-22,-0.027548095928317307,2.809737368522945
2022-12-23,-0.003946510387113689,2.794702200425894
2022-12-24,-0.027811551444143046,2.6891656449635466
2022-12-25,-0.005238669955047182,2.6698393237400837
2022-12-26,-0.002391355951575136,2.6610634316319333
2022-12-27,-0.021062650368816604,2.58395173259341
2022-12-28,-0.12240617207263171,2.1452539201135745
2022-12-29,-0.00995035082680229,2.113957540169069
2022-12-30,0.026120562819901716,2.195295863715562
2022-12-31,0.004957843186752298,2.211137639543142
2023-01-01,0.004702288849144809,2.226237336258635
2023-01-02,0.12920775246514782,2.6430922113957585
2023-01-03,0.18624794091078156,3.3216106343163245
2023-01-04,0.0020978916562146566,3.330676905207465
2023-01-05,0.0002086049543676971,3.331580305865657
2023-01-06,0.006018487482588819,3.3576498677163373
2023-01-07,-0.02967547996831066,3.22833451635801
2023-01-08,0.10204268502056424,3.65980512357231
2023-01-09,0.12636921329954443,4.248661031167329
2023-01-10,-0.0035592001327784395,4.229979996128289
2023-01-11,0.009074757245616683,4.277440794992585
2023-01-12,0.01501507009274361,4.356681938439703
2023-01-13,0.10249661195603088,4.905723688455836
2023-01-14,0.32718173971001185,6.837968639091445
2023-01-15,-0.05797143209978184,6.3835903723301355
2023-01-16,0.03118240571211328,6.613828482932187
2023-01-17,-0.02523486861341695,6.421694521520302
2023-01-18,-0.0964491279322518,5.705878557140098
2023-01-19,0.03025856179213071,5.908788797831845
2023-01-20,0.19094386146797993,7.227979608956581
2023-01-21,-0.02955869781740894,6.9847712460476306
2023-01-22,-0.020191530628737686,6.823546492869596
2023-01-23,0.002763080298412657,6.8451635800477595
2023-01-24,-0.06393094060118532,6.343614893205144
2023-01-25,0.0771062528557871,6.909853520036144
2023-01-26,-0.007199438729309171,6.8529070142608335
2023-01-27,0.0038538495355247004,6.883170936310261
2023-01-28,-0.016936041681161917,6.749661224753186
2023-01-29,0.08660119154180168,7.420791120862111
2023-01-30,-0.08145014827927077,6.734916435439125
2023-01-31,-0.0002461040477859111,6.733012841195078
2023-02-01,0.040204108028721874,7.043911724849979
2023-02-02,-0.02847825825368111,6.814835129379888
2023-02-03,0.01891310540722424,6.962637929921929
2023-02-04,-0.013987374085269622,6.851261534490554
2023-02-05,-0.03451520904734895,6.580273601342203
2023-02-06,-0.03491059533589003,6.315641737110416
2023-02-07,0.05081568838454453,6.687391107956387
2023-02-08,-0.028044639746834354,6.471800993740732
2023-02-09,-0.11699146303021413,5.597664064012396
2023-02-10,-0.016157427330699026,5.4910627863457515
2023-02-11,0.03474431366311426,5.716590307801517
2023-02-12,0.033068490781750004,5.938697812479843
2023-02-13,-0.034748765449320596,5.697586629670267
2023-02-14,0.0529614374834404,6.052300445247475
2023-02-15,0.09243339936590433,6.70416854875138
2023-02-16,-0.06640757507862782,6.1925533974317695
2023-02-17,0.03966338605635955,6.477834419565086
2023-02-18,0.011727244485865151,6.565528812028144
2023-02-19,0.05841286899857567,7.007453055430094
2023-02-20,0.05725210832329375,7.465896625153267
2023-02-21,-0.04822555565718467,7.057624056268967
2023-02-22,-0.03291849858651863,6.792379170161978
2023-02-23,-0.008802692978134075,6.723785248757835
2023-02-24,-0.03615424138752088,6.444537652448871
2023-02-25,-0.02582171832743918,6.252306898109321
2023-02-26,0.0427088060219416,6.562044266632261
2023-02-27,-0.028603367210233044,6.345744337613741
2023-02-28,-0.030113232077443985,6.124540233593609
2023-03-01,0.019604380077711037,6.2642124282119225
2023-03-02,-0.023957680981758656,6.090178744273095
2023-03-03,-0.02663444867646858,5.9013357424017645
2023-03-04,-0.019167835437120195,5.769052074595092
2023-03-05,0.0004766444232602307,5.772278505517206
2023-03-06,-0.017151024297284434,5.656126992321103
2023-03-07,-0.018904507998061093,5.530296186358658
2023-03-08,-0.09140316205533583,4.933406465767576
2023-03-09,-0.0587275693311583,4.584951926179268
2023-03-10,0.05141536683997683,4.87210427824741
2023-03-11,-0.0060439560439560225,4.836613538104157
2023-03-12,0.11221669430624659,5.491579015293291
2023-03-13,0.013419483101391627,5.5786926501903675
2023-03-14,0.023050514958312895,5.730334903529724
2023-03-15,-0.07718120805369122,5.210879525069377
2023-03-16,0.02285714285714291,5.352842485642391
2023-03-17,0.09751142712036565,5.972317222688272
2023-03-18,-0.01850994909763992,5.843259985803714
2023-03-19,0.02970297029702973,6.0465251338968935
2023-03-20,0.013736263736263687,6.143318061560312
2023-03-21,0.0185185185185186,6.2756017293669855
2023-03-22,-0.049667405764966754,5.914241466090221
2023-03-23,0.03546430237984133,6.159450216170883
2023-03-24,-0.06985128436232535,5.6593534232432186
2023-03-25,-0.010658914728682078,5.588371942956712
2023-03-26,0.027424094025465084,5.769052074595093
2023-03-27,-0.05004766444232611,5.430276827773127
2023-03-28,0.028600100351229285,5.614183390333622
2023-03-29,0.029756097560975636,5.810995676582574
2023-03-30,-0.026054002842254897,5.633541975866306
2023-03-31,0.027723735408560435,5.817448538426802
2023-04-01,-0.0018930430667297715,5.804542814738347
2023-04-02,-0.02655286865813178,5.623862683099965
2023-04-03,-0.00389673648319544,5.5980512357230525
2023-04-04,0.02347188264058686,5.752919919984524
2023-04-05,0.0014333492594362784,5.762599212750866
2023-04-06,-0.01765267175572527,5.643221268632648
2023-04-07,-0.006799417192812074,5.5980512357230525
2023-04-08,-0.02004889975550128,5.465767567916379
2023-04-09,0.011976047904191711,5.543201910047115
2023-04-10,0.027613412228796763,5.7238820416854965
2023-04-11,0.10316698656429946,6.417564689939999
2023-04-12,0.03436276642018288,6.672452732787003
2023-04-13,0.027754415475189198,6.885397173646525
2023-04-14,0.012684124386251883,6.9854165322320565
2023-04-15,-0.027878787878787947,6.762792798606193
2023-04-16,0.05320033250207823,7.17577595663678
2023-04-17,-0.03157063930544601,6.917661482867663
2023-04-18,0.013039934800326058,7.020907272375311
2023-04-19,-0.08809332260659686,6.314318900432354
2023-04-20,-0.021173356859285453,6.159450216170883
2023-04-21,-0.04146011716989639,5.862618571336398
2023-04-22,0.024917724494593285,6.033619410208438
2023-04-23,-0.013302752293577913,5.940052913467134
2023-04-24,-0.00557880055788007,5.901335742401766
2023-04-25,0.025712949976624655,6.078789443118034
2023-04-26,-0.031905195989061164,5.852939278570056
2023-04-27,0.052259887005649874,6.211073110924707
2023-04-28,0.0451901565995525,6.536942634058216
2023-04-29,-0.006849315068493178,6.485319739304392
2023-04-30,-0.020689655172413834,6.330451055042922
2023-05-01,-0.03301056338028174,6.0884687358843745
2023-05-02,0.01228948566226662,6.17558237078145
2023-05-03,0.0004496402877698369,6.178808801703565
2023-05-04,-0.024269662921348245,6.004581531909412
2023-05-05,0.048825426070935096,6.346583209653492
2023-05-06,-0.037329819938515474,6.072336581273806
2023-05-07,-0.011861313868613221,5.988449377298842
2023-05-08,-0.047091412742382266,5.659353423243218
2023-05-09,0.002422480620155154,5.675485577853788
2023-05-10,0.010633156114064679,5.746467058140294
2023-05-11,-0.031563845050215256,5.533522617280773
2023-05-12,0.032592592592592506,5.7464670581402935
2023-05-13,-0.0033476805356289496,5.723882041685496
2023-05-14,0.0038387715930903177,5.749693489062408
2023-05-15,0.004302103250477973,5.778731367361433
2023-05-16,-0.017610661589719245,5.659353423243216
2023-05-17,0.019864341085271242,5.791637091049888
2023-05-18,-0.03372921615201907,5.562560495579796
2023-05-19,0.0,5.562560495579796
2023-05-20,-0.002458210422812246,5.546428340969226
2023-05-21,-0.03302119270576631,5.330257469187591
2023-05-22,-0.005606523955147824,5.294766729044337
2023-05-23,0.025627883136852825,5.456088275150035
2023-05-24,-0.03948025987006509,5.201200232303031
2023-05-25,0.002601456815816805,5.217332386913601
2023-05-26,0.005189413596263792,5.249596696134741
2023-05-27,0.05369127516778516,5.585145512034592
2023-05-28,0.019108280254777066,5.710976317997036
2023-05-29,-0.007692307692307665,5.659353423243213
2023-05-30,0.03052325581395343,5.862618571336393
2023-05-31,-0.022096850023507253,5.710976317997037
2023-06-01,-0.013461538461538525,5.620636252177846
2023-06-02,0.03557504873294359,5.856165709492166
2023-06-03,-0.002823529411764669,5.836807123959483
2023-06-04,0.028315243039169324,6.03039297928632
2023-06-05,-0.07893529141808164,5.475446860682719
2023-06-06,0.015944195316392573,5.578692650190365
2023-06-07,-0.09416380578715067,4.959217913144484
2023-06-08,0.021115322144017457,5.085048719106929
2023-06-09,-0.08483563096500524,4.568819771568696
2023-06-10,-0.09443800695249138,4.04291153126412
2023-06-11,-0.009596928982725572,3.9945150674324106
2023-06-12,-0.02131782945736438,3.88804284700265
2023-06-13,-0.010561056105610533,3.8364199522488267
2023-06-14,-0.03535690460306862,3.665419113376787
2023-06-15,0.020746887966804906,3.762212041040206
2023-06-16,0.037262872628726296,3.9396657417564738
2023-06-17,0.02155453951665587,4.046137962186235
2023-06-18,-0.01662404092071612,3.9622507582112716
2023-06-19,0.04421326397919367,4.181648060915021
2023-06-20,0.03611457036114585,4.368781054397631
2023-06-21,0.03425480769230771,4.552687616958126
2023-06-22,-0.03312027890761182,4.368781054397631
2023-06-23,0.02824519230769229,4.520423307736987
2023-06-24,-0.02513150204558734,4.381686778086087
2023-06-25,0.01618705035971213,4.468800412983164
2023-06-26,-0.04070796460176973,4.246176679357301
2023-06-27,0.02091020910209096,4.355875330709176
2023-06-28,-0.03614457831325313,4.162289475382337
2023-06-29,0.1256250000000001,4.810802090727244
2023-06-30,0.049972237645752315,5.1011808737175
2023-07-01,-0.011105235325224783,5.033425824353107
2023-07-02,0.039572192513369187,5.272181712589541
2023-07-03,-0.010802469135802517,5.2044266632251475
2023-07-04,-0.004680187207488307,5.175388784926122
2023-07-05,-0.007836990595611382,5.126992321094412
2023-07-06,0.03370194839389162,5.333483900109706
2023-07-07,0.09373408048904741,5.927147189778675
2023-07-08,0.017699115044247815,6.0497515648190054
2023-07-09,-0.021510297482837615,5.898109311479649
2023-07-10,-0.0018709073900841089,5.885203587791194
2023-07-11,0.03514526710402999,6.127185906949741
2023-07-12,-0.005432322317790894,6.088468735884373
2023-07-13,0.1797906235776059,7.3629089501193885
2023-07-14,0.029706790123456672,7.611344131122163
2023-07-15,0.02510303484451093,7.827515002903796
2023-07-16,0.0010964912280702066,7.837194295670139
2023-07-17,-0.019715224534501585,7.662967025875986
2023-07-18,-0.0476722532588455,7.249983867845398
2023-07-19,0.029722330856472245,7.495192617926056
2023-07-20,-0.03797949107481957,7.172549525714661
2023-07-21,0.007500986971969992,7.233851713234827
2023-07-22,-0.038009404388714696,6.920887913789773
2023-07-23,0.008146639511201537,6.985416532232052
2023-07-24,-0.056969696969697003,6.530489772213984
2023-07-25,-0.005141388174807249,6.491772601148615
2023-07-26,0.08484065460809664,7.127379492805067
2023-07-27,-0.004366812227074357,7.091888752661813
2023-07-28,-0.009569377990430561,7.014454410531078
2023-07-29,0.013285024154589431,7.12092663096084
2023-07-30,-0.035756853396901156,6.830547847970583
2023-07-31,-0.02142562834775441,6.662773440020657
2023-08-01,0.008421052631578885,6.727302058462936
2023-08-02,-0.03340292275574119,6.4691875846938185
2023-08-03,-0.021166306695464265,6.3110924695102355
2023-08-04,0.00838481906443067,6.372394657030401
2023-08-05,-0.009190371991247281,6.304639607666007
2023-08-06,0.02517667844522964,6.488546170226503
2023-08-07,-0.005601034037053143,6.44660256823902
2023-08-08,0.04809358752166393,6.80473640059367
2023-08-09,0.009508061182306848,6.878944311802292
2023-08-10,0.007780507780507762,6.940246499322457
2023-08-11,-0.000812677773262882,6.93379363747823
2023-08-12,0.012200081333875623,7.030586565141649
2023-08-13,-0.02531137002812367,6.82732141704847
2023-08-14,0.038334707337180474,7.127379492805067
2023-08-15,-0.049622866216752715,6.724075627540822
2023-08-16,-0.04553049289891398,6.3723946570304
2023-08-17,-0.050765864332603994,5.99812867006518
2023-08-18,-0.017980636237897696,5.872297864102735
2023-08-19,0.027230046948356623,6.059430857585343
2023-08-20,-0.00457038391224851,6.027166548364204
2023-08-21,-0.024793388429752206,5.852939278570049
2023-08-22,-0.030602636534839855,5.643221268632642
2023-08-23,0.05439533754249637,6.004581531909405
2023-08-24,-0.031782588668816225,5.781957798283542
2023-08-25,-0.02901998097050429,5.5851455120345905
2023-08-26,-0.006369426751592355,5.5432019100471095
2023-08-27,0.026134122287968298,5.714202748919148
2023-08-28,-0.012493993272465032,5.630315544944186
2023-08-29,0.05742092457420922,6.011034393753633
2023-08-30,-0.040957202024850425,5.72388204168549
2023-08-31,-0.05230326295585408,5.372201071175069
2023-09-01,-0.019240506329113893,5.249596696134739
2023-09-02,0.006195147134744339,5.288313867200105
2023-09-03,0.005643919958953525,5.32380460734336
2023-09-04,-0.004591836734693877,5.294766729044334
2023-09-05,0.03997949769349041,5.546428340969222
2023-09-06,-0.03302119270576631,5.330257469187588
2023-09-07,0.014271151885830724,5.420597535006778
2023-09-08,-0.014572864321607981,5.327031038265474
2023-09-09,-0.007649158592554772,5.278634574433765
2023-09-10,-0.06166495375128467,4.89146286378009
2023-09-11,-0.029025191675794093,4.72046202490805
2023-09-12,0.010152284263959421,4.778537781506102
2023-09-13,0.027359017308765887,4.936632896689685
2023-09-14,0.022826086956521774,5.072142995418471
2023-09-15,0.017534537725823585,5.1786152158482315
2023-09-16,-0.00104438642297644,5.172162354004004
2023-09-17,-0.018818609513852613,5.056010840807901
2023-09-18,0.04741608950452858,5.343163192876044
2023-09-19,0.017802644964394876,5.456088275150034
2023-09-20,0.0154922538730633,5.556107633735565
2023-09-21,-0.042322834645669216,5.278634574433765
2023-09-22,-0.0010277492291880241,5.272181712589537
2023-09-23,0.0,5.272181712589537
2023-09-24,-0.00462962962962965,5.243143834290511
2023-09-25,0.0015503875968991832,5.252823127056853
2023-09-26,-0.01754385964912275,5.143124475704979
2023-09-27,0.0021008403361344463,5.1560301993934345
2023-09-28,0.04507337526205468,5.433503258695236
2023-09-29,0.016048144433299827,5.536749048202882
2023-09-30,0.05528134254689032,5.898109311479645
2023-10-01,0.11365762394761458,6.6821320255533365
2023-10-02,-0.02057958840823182,6.524036910369753
2023-10-03,0.00900514579759859,6.591791959734145
2023-10-04,-0.0161495962600936,6.469187584693814
2023-10-05,-0.020302375809935103,6.3175453313544585
2023-10-06,0.030423280423280463,6.540169064980322
2023-10-07,-0.005134788189987249,6.501451893914954
2023-10-08,-0.0030107526881720803,6.478866877460156
2023-10-09,-0.04529767040552202,6.1400916306381905
2023-10-10,-0.0018075011296881938,6.127185906949735
2023-10-11,-0.005432322317790894,6.0884687358843665
2023-10-12,-0.031406463359126,5.865845002258504
2023-10-13,0.023496240601503793,6.027166548364202
2023-10-14,0.007805325987144007,6.082015874040138
2023-10-15,-0.0018223234624145102,6.069110150351682
2023-10-16,0.09128251939753529,6.714396334774474
2023-10-17,-0.0008364700961940308,6.707943472930246
2023-10-18,-0.020092088740058633,6.553074788668776
2023-10-19,0.06578385305425027,7.049945150674326
2023-10-20,0.0833667334669339,7.721042782474029
2023-10-21,0.08583055863854971,8.469574756404468
2023-10-22,-0.015332197614991605,8.324385364909338
2023-10-23,0.10276816608996553,9.282635348777184
2023-10-24,-0.05334170065892685,8.734142092017812
2023-10-25,0.07689758037785888,9.48267406594825
2023-10-26,0.007694675284702912,9.563334839001099
2023-10-27,-0.0311545510079414,9.234238884945475
2023-10-28,-0.0025220680958385477,9.208427437568563
2023-10-29,0.03603034134007577,9.576240562689554
2023-10-30,0.06589383770591817,10.273149641866167
2023-10-31,0.09816828849456205,11.379815448151254
2023-11-01,0.07245243679958313,12.276763244498936
2023-11-02,-0.022843256379100785,11.973478737820225
2023-11-03,-0.018403382243223132,11.734722849583791
2023-11-04,0.07144666835571312,12.644576369619926
2023-11-05,-0.026720264838023255,12.279989675421048
2023-11-06,0.022594752186589018,12.580047751177647
2023-11-07,0.02090757899738649,12.863973672323674
2023-11-08,0.003956248545496921,12.918822997999612
2023-11-09,0.05192396847473346,13.64154352455314
2023-11-10,0.24724548259144985,17.261599019164997
2023-11-11,-0.001943462897526449,17.226108279021744
2023-11-12,0.009205169056470064,17.39388268697167
2023-11-13,-0.09419400105244691,15.661289281796474
2023-11-14,0.09682416731216104,17.274504742853452
2023-11-15,0.15448446327683607,20.097631799703162
2023-11-16,-0.10980272212876585,17.78105439762534
2023-11-17,0.004294794708812999,17.861715170678192
2023-11-18,0.0010263427984946727,17.881073756210874
2023-11-19,0.04477101845522902,18.726398657804733
2023-11-20,-0.06689564932940795,17.406788410660123
2023-11-21,-0.08939526730937764,15.761308640382008
2023-11-22,0.1064485081809432,17.545524940311026
2023-11-23,-0.018093249826026447,17.209976124411174
2023-11-24,0.00850460666194186,17.364844808672643
2023-11-25,0.03320449754040755,17.97464025295218
2023-11-26,-0.021084849515388582,17.57456281861005
2023-11-27,-0.04220948410630532,16.790540104536362
2023-11-28,0.05077983315197665,17.693940762728268
2023-11-29,0.02329996548153268,18.129508937213654
2023-11-30,-0.0006746500252993171,18.1166032135252
2023-12-01,0.008776371308016895,18.284377621475127
2023-12-02,0.062071273213986755,19.4813834935794
2023-12-03,-0.007561436672967825,19.32651480931793
2023-12-04,-0.021746031746031735,18.884493772988318
2023-12-05,-0.009573259776083143,18.694134348583592
2023-12-06,0.01572739187418093,19.003871717106534
2023-12-07,0.09080645161290324,20.820352326256693
2023-12-08,0.10660949282862653,23.14660902110086
2023-12-09,-0.03781400320684125,22.233529070142612
2023-12-10,0.03596722677405895,23.06917467897012
2023-12-11,-0.0553619302949061,21.736658708137057
2023-12-12,-0.026536114658720078,21.133316125701747
2023-12-13,0.031049562682215814,21.82054591211202
2023-12-14,0.06927753428531025,23.401497063947858
2023-12-15,-0.03543567367446776,22.536813576821316
2023-12-16,0.011240575736805924,22.80138091243466
2023-12-17,-0.040938050698115735,21.826998773956245
2023-12-18,0.051731448763250754,23.007872491449948
2023-12-19,-0.018142722752318208,22.572304316964566
2023-12-20,0.12195455789761844,25.447054268568102
2023-12-21,0.14554105160424546,29.296186358650054
2023-12-22,0.041640042598509064,30.557720849196613
2023-12-23,0.1035681423167365,33.82609537329805
2023-12-24,0.04604409857328151,35.42963154158869
2023-12-25,0.06890443716234174,37.939794798993354
2023-12-26,-0.06669980942911591,35.34251790669162
2023-12-27,-0.050337357954545414,33.51313157385301
2023-12-28,-0.04730298214452655,31.880557527263342
2023-12-29,0.04189971543518811,33.25824353100601
2023-12-30,-0.04153324543228487,31.835387494353753
2023-12-31,-0.002358258818905279,31.757953152223024
2024-01-01,0.0743622574608489,34.19390849841906
2024-01-02,-0.019710304363769637,33.50022585016456
2024-01-03,-0.07846254559057331,30.79325030651095
2024-01-04,0.06576009742236644,32.88397754404079
2024-01-05,-0.04894305846505431,31.225592050074212
2024-01-06,-0.060873047657188595,29.263922049428928
2024-01-07,-0.04840085287846474,27.79912241078919
2024-01-08,0.09791619986556133,30.619023036716793
2024-01-09,0.014081632653061282,31.064270503968523
2024-01-10,0.02797343529885299,31.961218300316204
2024-01-11,-0.021632732967893475,31.248177066529017
2024-01-12,-0.07873936968484252,28.70897593082533
2024-01-13,0.04202867072111216,29.957604697683433
2024-01-14,-0.015112037519541488,29.489772213976906
2024-01-15,0.002645502645502562,29.57043298702975
2024-01-16,0.032084432717678135,30.551267987352396
2024-01-17,0.04325595664178339,31.9160482674066
2024-01-18,-0.07586747696530083,29.4187907336904
2024-01-19,-0.008803563852354701,29.150996967154942
2024-01-20,-0.01048689138576786,28.834806736787773
2024-01-21,-0.007894452254785356,28.59927727947345
2024-01-22,-0.08654894266405055,26.03749112731497
2024-01-23,0.00513126491646787,26.17622765696587
2024-01-24,0.05283153270806129,27.61198941730658
2024-01-25,-0.01826792963464141,27.08930760792412
2024-01-26,0.06087755570870668,28.79931599664452
2024-01-27,0.016349068860978866,29.28650706588373
2024-01-28,0.021732182806008193,29.944698973994974
2024-01-29,0.05692837034720055,31.706330257469197
2024-01-30,0.00039459406135922137,31.719235981157645
2024-01-31,-0.0418104723400059,30.351229270181328
2024-02-01,0.007615519193166609,30.58998515841776
2024-02-02,0.02635073026248591,31.42240433632316
2024-02-03,-0.024878097323116743,30.61579660579467
2024-02-04,-0.024696397591591035,29.83500032264309
2024-02-05,0.0007324474207388576,29.85758533909789
2024-02-06,0.012860727728983834,30.254436342517913
2024-02-07,0.04211830288014862,31.570820158740403
2024-02-08,0.01842496285289741,32.170936310253595
2024-02-09,0.03861492072755568,33.45182938633283
2024-02-10,0.022195167634388557,34.21649351487385
2024-02-11,-0.015300045808520402,33.67767955088082
2024-02-12,0.039635280982508236,35.05213912370136
2024-02-13,0.007517451226060512,35.32315932115893
2024-02-14,0.03775093267010132,36.69439246305737
2024-02-15,-0.027475819566892046,35.65870813705879
2024-02-16,-0.02878014434078513,34.60366522552752
2024-02-17,-0.012505663797009459,34.158417758275796
2024-02-18,0.029824722400660697,35.20700780796283
2024-02-19,-0.006237747282124451,34.98115764341485
2024-02-20,-0.028425394548063143,33.95837904110473
2024-02-21,-0.03017997231195202,32.90333612957346
2024-02-22,-0.03159497525694699,31.832161063431627
2024-02-23,-0.017983490566037763,31.241724204684772
2024-02-24,0.042529770839587755,32.61295734658321
2024-02-25,-0.006719139950086439,32.38710718203523
2024-02-26,0.06107460378817153,34.42621152481125
2024-02-27,-0.013023679417122014,33.96483190294896
2024-02-28,0.08987727230783427,37.107375621087954
2024-02-29,0.06180679028024727,39.462670194231144
2024-03-01,0.03269276772187224,40.785506872297866
2024-03-02,0.003783491622268542,40.94360198748145
2024-03-03,0.002923076923076806,41.066206362521775
2024-03-04,0.01633686148182223,41.753436148932046
2024-03-05,-0.052826201796090766,39.49493450345228
2024-03-06,0.043183810054975735,41.243660063238046
2024-03-07,0.09715114946918191,45.347680196167
2024-03-08,0.008075182735816089,45.72194618313221
2024-03-09,-0.0033837442165597365,45.56385106794862
2024-03-10,-0.0038802660753880502,45.383170936310236
2024-03-11,0.035406232609905386,47.02542427566624
2024-03-12,0.01363789049378572,47.680389752855376
2024-03-13,0.08231707317073189,51.68761695812092
2024-03-14,0.08095529699938764,55.95295863715557
2024-03-15,0.041468388851121585,58.314706072142975
2024-03-16,-0.009682332463011312,57.740401368006694
2024-03-17,0.10754696253982199,64.05775311350583
2024-03-18,-0.027970640745883735,62.23804607343355
2024-03-19,-0.13086734693877555,53.96225075821125
2024-03-20,0.12497798649838554,60.831322191391855
2024-03-21,-0.061156334794406186,57.0499451506743
2024-03-22,-0.026789684304135086,55.49480544621537
2024-03-23,-0.013592233009708687,54.726914886752255
2024-03-24,0.061255210745715605,58.140478802348824
2024-03-25,0.03158756137479535,60.0085823062528
2024-03-26,0.007350996879792682,60.457056204426635
2024-03-27,-0.02325703485930275,59.027747305930156
2024-03-28,0.019027143241064248,60.169903852358495
2024-03-29,0.011287515164301931,60.860360069690884
2024-03-30,0.012465446200386143,61.63147706007613
2024-03-31,0.0439934061405316,64.38684906756144
2024-04-01,-0.045692292509622034,61.39917403368392
2024-04-02,-0.06220268872802481,57.51777763438083
2024-04-03,0.02034515079671384,58.708330644640874
2024-04-04,-0.004376958824165111,58.44698973994964
2024-04-05,-0.049823609226594345,55.48512615344903
2024-04-06,0.022162563546010094,56.73698135122924
2024-04-07,0.004526404023470265,56.99832225592047
2024-04-08,0.006508678237650223,57.3758146738078
2024-04-09,-0.047200574807936935,54.620442666322475
2024-04-10,0.005974824525784461,54.952765051300204
2024-04-11,-0.004670741552300628,54.69142414660898
2024-04-12,-0.11036440530676095,48.545073239981896
2024-04-13,-0.10009116957541031,43.586048912692746
2024-04-14,0.09617193718792971,47.87397560818219
2024-04-15,-0.08667810932136255,43.63767180744657
2024-04-16,-0.014456089627755686,42.99238562302378
2024-04-17,-0.033296662999633186,41.52758598438405
2024-04-18,0.07821864805401724,44.854036265083536
2024-04-19,0.0022516183506895437,44.95728205459118
2024-04-20,0.05967424880651495,47.69974833838804
2024-04-21,-0.016165363720683668,46.912499193392236
2024-04-22,0.05777777777777793,49.68077692456602
2024-04-23,-0.013241660300483904,49.009679292766315
2024-04-24,-0.04412903225806453,46.802800542040366
2024-04-25,-0.022205723542116584,45.741304768664875
2024-04-26,-0.037067715883205676,44.00871136348968
2024-04-27,0.011541218637992845,44.52816674195003
2024-04-28,-0.023598611012685233,43.45376524488608
2024-04-29,-0.0010886921178691056,43.40536878105437
2024-04-30,-0.07338516311850607,40.14667354971928
2024-05-01,0.055437936171881086,42.42776021165385
2024-05-02,0.02251114413075772,43.40536878105437
2024-05-03,0.043013877788272925,45.315415886945836
2024-05-04,0.017276210379658652,46.115570755630095
2024-05-05,-0.0008902280353352277,46.07362715364261
2024-05-06,0.047840986977381705,48.32567593727815
2024-05-07,-0.03074306645735214,46.80925340388459
2024-05-08,-0.03704953435011482,45.037942827644024
2024-05-09,0.07134347186207868,48.32244950635603
2024-05-10,-0.041669392294106156,46.267213008969435
2024-05-11,-0.008122866894197944,45.88326772923787
2024-05-12,-0.009909847911361847,45.41866167645347
2024-05-13,0.026343226523945162,46.641478995934655
2024-05-14,-0.03785723960449683,44.837904110472955
2024-05-15,0.1129724783557402,50.01632574046586
2024-05-16,0.0055653933721224735,50.30025166161189
2024-05-17,0.06553459119496852,53.66219268245463
2024-05-18,0.018710895998111265,54.68497128476476
2024-05-19,-0.014195492206964588,53.89449570884683
2024-05-20,0.09680263312566129,59.208427437568524
2024-05-21,-0.044317024811103445,56.540169064980276
2024-05-22,-0.006953011102388773,56.14009163063814
2024-05-23,-0.00897797854319593,55.62708911402202
2024-05-24,-0.04022562816933506,53.349228883009566
2024-05-25,0.0033244286138320867,53.529909014647956
2024-05-26,-0.030589905922726368,51.86184422791504
2024-05-27,0.037109375,53.82351422856033
2024-05-28,-0.006002824858756917,53.49441827450471
2024-05-29,-0.003730017761989335,53.29115312641153
2024-05-30,-0.007369109169786725,52.89107569206939
2024-05-31,-0.007603424534514791,52.48131896496092
2024-06-01,0.0047659266409267875,52.73620700780793
2024-06-02,-0.016811768237766533,51.832806349616014
2024-06-03,0.007694656488549612,52.239336645802375
2024-06-04,0.040906611720501695,54.41717751822929
2024-06-05,0.010188635305076854,54.98180292959923
2024-06-06,-0.019768313065529286,53.875137123314154
2024-06-07,-0.044567262464722535,51.42950248435177
2024-06-08,-0.02756923076923068,49.984061431244726
2024-06-09,0.025566384002025044,51.28753952377876
2024-06-10,-0.019498951005800347,50.26798735239075
2024-06-11,-0.05959723096286973,47.21255726914883
2024-06-12,0.039483370139864915,49.11615151319607
2024-06-13,-0.051889525526298885,46.515648189972225
2024-06-14,-0.028111631696883355,45.17990578821704
2024-06-15,0.015929574512680844,45.91553203845903
2024-06-16,0.03995598652087207,47.79008840420724
2024-06-17,-0.04979500066128817,45.36058591985543
2024-06-18,-0.04245250191384231,43.392463057365916
2024-06-19,-0.013445744603532206,42.79557333677484
2024-06-20,-0.016649476941211327,42.066399948377075
2024-06-21,0.008016182199580557,42.41162805704327
2024-06-22,-0.0061687105165366685,42.14383429050781
2024-06-23,-0.038064612623392224,40.50158095115181
2024-06-24,0.029308870403482956,41.71794540878877
2024-06-25,0.0309667673716012,43.040782086855494
2024-06-26,0.0013186813186814028,43.09885784345355
2024-06-27,0.09423470880889662,47.25450087113632
2024-06-28,-0.06351965766247658,44.18939149512806
2024-06-29,0.0015707553905468519,44.26037297541457
2024-06-30,0.04533789563729673,46.31238304187904
2024-07-01,0.003955264593562546,46.49951603536165
2024-07-02,0.04924602635511488,48.838678453894275
2024-07-03,-0.0878487732245743,44.46041169258564
2024-07-04,-0.09226401703335696,40.266051493837494
2024-07-05,0.05082095387021113,42.363231593211566
2024-07-06,0.06391369047619055,45.13473575530746
2024-07-07,-0.08126442408560042,41.38562302381104
2024-07-08,0.06295196772474676,44.05388139639928
2024-07-09,0.01095674591807505,44.54752532748271
2024-07-10,0.005241906920733896,44.78628121571914
2024-07-11,-0.0405891057712634,42.927857004581504
2024-07-12,0.019977965479250903,43.8054462153965
2024-07-13,0.021386908619572154,44.76369619926434
2024-07-14,0.04103214890016926,46.64147899593466
2024-07-15,0.07625626439116884,50.27444021423497
2024-07-16,0.009124087591241059,50.7422726979415
2024-07-17,-0.03148968011473474,49.112925082273954
2024-07-18,0.023499871233582326,50.29057236884555
2024-07-19,0.06416304963200603,53.58153190940179
2024-07-20,0.026541348938937226,55.03019939343096
2024-07-21,0.05873546009443742,58.3211589339872
2024-07-22,-0.025998041988469445,56.77892495321673
2024-07-23,-0.034565557292830174,54.781764212428186
2024-07-24,0.029729886054717047,56.44014970639477
2024-07-25,-0.03443239903387063,54.46234755113892
2024-07-26,0.06538685282140766,58.088855907595
2024-07-27,0.0036038003713008138,58.30180034845453
2024-07-28,0.005930359085962955,58.65348131896494
2024-07-29,-0.011736708313050959,57.95334580886622
2024-07-30,-0.019538091068301178,56.801509969671535
2024-07-31,-0.039129221322913854,54.53978189326965
2024-08-01,-0.029975601254792594,52.87494353745885
2024-08-02,-0.08420170080249134,48.338581660966625
2024-08-03,-0.06820559769814272,44.97341420920177
2024-08-04,-0.029756474138536104,43.60540749822545
2024-08-05,-0.061338155515370585,40.869394076272826
2024-08-06,0.11296909917546416,45.599341808091886
2024-08-07,0.0013847538600013642,45.66387042653417
2024-08-08,0.1274286109382563,51.61018261599019
2024-08-09,-0.042377039126701765,49.38071884880945
2024-08-10,-0.011655459494076204,48.79350842098471
2024-08-11,-0.08060649258083341,44.77982835387494
2024-08-12,0.031785185707238206,46.234948699748344
2024-08-13,0.0028688524590163578,46.37045879847713
2024-08-14,-0.02084184715978754,45.38317093631026
2024-08-15,-0.00862548692264875,44.983093501968135
2024-08-16,-0.024277294414819073,43.8667484029167
2024-08-17,0.01948799079534025,44.74111118280958
2024-08-18,0.0059956267193341795,45.01535781118927
2024-08-19,0.011569204880101047,45.54771891333807
2024-08-20,-0.013724266999376344,44.9088855907595
2024-08-21,0.0028814393140768058,45.04116925856617
2024-08-22,0.003924316748423307,45.221849390204554
2024-08-23,0.06840709200055861,48.38375169387624
2024-08-24,0.04906572585914004,50.80680131638382
2024-08-25,-0.009279441987917969,50.32606310898884
2024-08-26,-0.011252200150867586,49.74853197393044
2024-08-27,-0.06700998156271853,46.347873782022326
2024-08-28,-0.019625212947189108,45.4186616764535
2024-08-29,-0.026343226523945162,44.195844356972316
2024-08-30,-0.013992004568817884,43.56346389623798
2024-08-31,-0.020272227048943048,42.660063238046064
2024-09-01,-0.049438368312148984,40.50158095115183
2024-09-02,0.048588976133094874,42.51810027747305
2024-09-03,-0.054715302491103124,40.13699425695295
2024-09-04,0.047450980392157005,42.0889849648319
2024-09-05,-0.03152377386746541,40.73065754662192
2024-09-06,-0.03409618060924691,39.307801509969664
2024-09-07,0.02185223725286156,40.18861715170677
2024-09-08,0.017233275889080524,40.89843195457185
2024-09-09,0.03942707531187417,42.55036458669419
2024-09-10,0.005111868424951815,42.772988320320046
2024-09-11,-0.024913392791331868,41.68245466864553
2024-09-12,0.027137349761886753,42.840743369684446
2024-09-13,0.021563143950544594,43.786087629863836
2024-09-14,-0.012463079028888324,43.22791508033813
2024-09-15,-0.0407061569886199,41.42756662579853
2024-09-16,-0.0014448669201521103,41.36626443827837
2024-09-17,0.0018277358921636733,41.44369878040911
2024-09-18,0.018700114025085313,42.23740078724913
2024-09-19,0.0614133273636297,44.89275343614892
2024-09-20,0.029949381327333935,46.26721300896946
2024-09-21,0.019249146757679192,47.1770665290056
2024-09-22,-0.030873292258237206,45.68968187391107
2024-09-23,0.0012438670444334665,45.74775763050911
2024-09-24,0.052177513976119805,48.186939407627264
2024-09-25,-0.029255493604460336,46.74795121636445
2024-09-26,0.048922224474626574,49.083887203974946
2024-09-27,0.01636281646588955,49.903400658191906
2024-09-28,-0.0067186410597706026,49.56139898044783
2024-09-29,0.01072043902750286,50.10343937536296
2024-09-30,-0.03605025569796061,48.261147318835896
2024-10-01,-0.04827089337175794,45.88326772923791
2024-10-02,-0.03427155736012655,44.27650513002516
2024-10-03,-0.023515998004703276,43.21178292572755
2024-10-04,0.044515799459972305,45.17990578821706
2024-10-05,-0.0010479983232026813,45.131509324385355
2024-10-06,0.0247587075115403,46.27366587081371
2024-10-07,-0.01692601692601703,45.47351100212944
2024-10-08,-0.004582060538739219,45.26056656126992
2024-10-09,-0.029362533128748813,43.902239143059944
2024-10-10,-0.001077818495365257,43.853842679228244
2024-10-11,0.04431017119838865,45.84132412725044
2024-10-12,0.008196721311475308,46.225269406981994
2024-10-13,0.008061761289881897,46.605988255791445
2024-10-14,0.06743476787529645,49.81628702329483
2024-10-15,-0.01746031746031751,48.92901851971349
2024-10-16,-0.002778675282714138,48.79028199006258
2024-10-17,-0.024818558838776483,47.55455894689294
2024-10-18,0.030234567080869024,49.022585016454784
2024-10-19,0.030314757481940235,50.53900754984835
2024-10-20,0.04526104920495788,52.87171710653673
2024-10-21,-0.007905611786548472,52.44582822481769
2024-10-22,0.010987020827044836,53.03303865264242
2024-10-23,0.020242431480265166,54.12679873523905
2024-10-24,0.037457567599203934,56.19171452539197
2024-10-25,-0.06758433938846886,52.326450280699454
2024-10-26,0.033760890609874306,54.12679873523905
2024-10-27,0.03295095399742487,55.94327934438921
2024-10-28,0.008725706838914382,56.44014970639476
2024-10-29,0.006571926079874002,56.81764212428209
2024-10-30,-0.020312499999999956,55.64322126863261
2024-10-31,-0.038049669628617,53.487965412660486
2024-11-01,-0.01586925627664615,52.623281925533945
2024-11-02,-0.0007220216606497187,52.58456475446858
2024-11-03,-0.02221820809248576,51.39401174420852
2024-11-04,-0.02795738653857993,49.92921210556879
2024-11-05,0.05587583148558761,52.7749241788733
2024-11-06,0.11945761084778317,59.19874814480219
2024-11-07,0.05080930431986275,62.257404658966216
2024-11-08,0.019483831480159086,63.48990127121374
2024-11-09,0.0006003602161297472,63.52861844227911
2024-11-10,0.052549999999999875,66.91959734142087
2024-11-11,0.056529381027029535,70.75905013873647
2024-11-12,-0.04878377770783682,67.25837258824284
2024-11-13,0.015078464738135677,68.28760405239719
2024-11-14,-0.028591385331781072,66.30657546621921
2024-11-15,0.04683380470734866,69.45879847712455
2024-11-16,-0.01181426870592539,68.62637929921915
2024-11-17,0.09995366079703416,75.58579079821895
2024-11-18,0.00880481948013645,76.26011486094076
2024-11-19,-0.007850998079011129,75.65354584758333
2024-11-20,-0.008207761596094043,75.0243918177711
2024-11-21,0.08844374655179754,81.7482738594566
2024-11-22,0.00046789098140109786,81.78699103052195
2024-11-23,-0.0064304922249501795,81.25462992837315
2024-11-24,-0.00839413195261629,80.56417371104077
2024-11-25,-0.07100474683544311,74.77273020584622
2024-11-26,-0.015116031509474048,73.62734722849576
2024-11-27,0.04768698659749249,77.18610053558746
2024-11-28,-0.017661866050427077,75.80518810092269
2024-11-29,0.022306238185255234,77.5184229205652
2024-11-30,-0.017998027613412293,76.10524617667929
2024-12-01,-0.009122102267972165,75.40188423565844
2024-12-02,-0.047086148648648685,71.80441375750138
2024-12-03,0.037713272767560424,74.55010647222036
2024-12-04,-0.02224974376494704,72.86913596179899
2024-12-05,0.030749071849748955,75.14054333096722
2024-12-06,0.001398364337471758,75.24701555139697
2024-12-07,0.0071936357481381386,75.79550880815634
2024-12-08,-0.0043693807243089244,75.45995999225649
2024-12-09,-0.08485948181281111,68.97160740788533
2024-12-10,-0.015631484299349907,67.8778473252887
2024-12-11,0.06525201424020999,72.37226559979345
2024-12-12,-0.0026823798425750223,72.17545331354451
2024-12-13,-0.008156966490299955,71.57856359295342
2024-12-14,-0.014492109357635008,70.52674711234427
2024-12-15,0.00807433803960489,71.10427824740266
2024-12-16,-0.03083049937354565,68.88126734206615
2024-12-17,0.02820998199362834,70.85261663547777
2024-12-18,-0.07117198024247862,65.73872362392716
2024-12-19,-0.062460720328740615,61.57017487255593
2024-12-20,0.0023719898932603733,61.718590694973166
2024-12-21,-0.06656721024744072,57.54358908175771
2024-12-22,-0.004574262882336644,57.275795315222254
2024-12-23,0.05364854390432949,60.402206878750675
2024-12-24,0.0358362671430823,62.60263276763239
2024-12-25,0.002434941409222402,62.757501451893866
2024-12-26,-0.04605030109812269,59.821449312770156
2024-12-27,-0.023393984404010415,58.3985932761179
2024-12-28,0.061759913090711605,62.06704523456147
2024-12-29,-0.028393103801094832,60.276376072788224
2024-12-30,0.007424178601516562,60.7313028328063
2024-12-31,-0.007996654993989494,60.23765890172286
2025-01-01,0.024236037934667998,61.72181712589527
2025-01-02,0.07093621399176953,66.17106536749041
2025-01-03,0.04649598924059761,69.29425050009672
2025-01-04,-0.00532427594437046,68.91998451313151
2025-01-05,-0.01522772368603209,67.8552623088339
2025-01-06,0.022351342486294,69.39426985868226
2025-01-07,-0.07337977816481811,64.22875395237782
2025-01-08,-0.01948854924073795,62.95754016906492
2025-01-09,-0.06068708066387529,59.076143769761835
2025-01-10,0.007948442534908784,59.55365554623471
2025-01-11,0.002237851662403978,59.68916564496349
2025-01-12,0.0024986709197234447,59.840807898302835
2025-01-13,-0.029962348199607636,58.01787442730845
2025-01-14,0.02613164224797737,59.560108408078925
2025-01-15,0.09669685668620143,65.41608053171575
2025-01-16,0.024338110274471747,67.03252242369484
2025-01-17,0.04163900218154204,69.86532877331088
2025-01-18,0.19085776725550918,83.39052719881258
2025-01-19,-0.030662180761584334,80.80292959927719
2025-01-20,-0.04598879861165894,77.04091114409232
2025-01-21,0.03588556308913504,79.84145318448722
2025-01-22,0.028975095785440663,82.18384203394196
2025-01-23,-0.015669847180203256,80.88036394140792
2025-01-24,-0.000512254708802895,80.83842033942044
2025-01-25,0.008752217622708391,81.55468800412973
2025-01-26,-0.05948333137921602,76.6440601406723
2025-01-27,-0.022563889466029496,74.89210814996441
2025-01-28,-0.03494600799251768,72.23998193198675
2025-01-29,0.004008810572687205,72.53358714589912
2025-01-30,0.046641218024658926,75.96328321610626
2025-01-31,-0.027332942064223986,73.85965025488797
2025-02-01,-0.08150159469011287,67.75846938117049
2025-02-02,-0.0459387170944584,64.59979350842092
2025-02-03,0.06103678929765888,68.60379428276434
2025-02-04,-0.04028183377369865,65.80002581144731
2025-02-05,-0.055061823802163845,62.1218945602374
2025-02-06,-0.028675117562870556,60.31186681293148
2025-02-07,0.010998263432089761,60.9861908756533
2025-02-08,0.038413491567770075,63.3672968961734
2025-02-09,0.005463659147869615,63.718977866683815
2025-02-10,0.0020439702876513532,63.851261534490476
2025-02-11,-0.014029850746268613,62.941408014454346
2025-02-12,-0.008376223635079172,62.40582048138343
2025-02-13,-0.008396092000814148,61.873459379234625
2025-02-14,0.025658131061733425,63.4866748402916
2025-02-15,-0.0270675939360584,61.74117571142795
2025-02-16,-0.03142034351537604,59.769826418016315
2025-02-17,-0.05696840987523222,56.307866038588045
2025-02-18,-0.04678527192883686,53.62670194231135
2025-02-19,-0.0018309609591873333,53.526682583725815
2025-02-20,0.04100591715976343,55.76259921275079
2025-02-21,-0.03893594043085313,53.55249403110274
2025-02-22,0.01833451620534654,54.55268761695806
2025-02-23,-0.023986525728888375,53.220171646124996
2025-02-24,-0.1550133888723595,44.81531909401814
2025-02-25,0.015492957746478853,45.52513389688321
2025-02-26,-0.06567267683772537,42.469703813641296
2025-02-27,0.019372077488310158,43.311802284313046
2025-02-28,0.07776321537789443,46.757630509130756
2025-03-01,-0.029860829617619378,45.33154804155638
2025-03-02,0.2454038997214485,56.70149061108596
2025-03-03,-0.20481995079400583,44.883074143382544
2025-03-04,0.02236129667393283,45.909079176614775
2025-03-05,0.006740491092922518,46.225269406981944
2025-03-06,-0.017353282776525147,45.405755952765006
2025-03-07,-0.03073072377111874,43.97967348519064
2025-03-08,-0.017215407789972104,43.20533006388329
2025-03-09,-0.07663674184366098,39.817577595663636
2025-03-10,-0.0648960556477749,37.16867780860808
2025-03-11,0.05934065934065935,39.43363231593208
2025-03-12,0.010852218321098173,39.87242692133959
2025-03-13,-0.02644458478054945,38.79157256243141
2025-03-14,0.0814076056109625,42.03090920823382
2025-03-15,0.018819824548249153,42.840743369684425
2025-03-16,-0.0721960553429497,39.67561463509063
2025-03-17,0.019433647973348345,40.466090211008556
2025-03-18,-0.02474323062558359,39.44008517777632
2025-03-19,0.08105951811073875,42.71813899464409
2025-03-20,-0.05675276752767522,40.237013615538466
2025-03-21,0.00633753227446987,40.4983545202297
2025-03-22,-0.0005442388431036171,40.475769503774906
2025-03-23,0.030805134189031413,41.75343614893203
2025-03-24,0.06346690815787492,44.46686455442987
2025-03-25,0.021785410161794028,45.45737884751886
2025-03-26,-0.05000347246336567,43.134348583596804
2025-03-27,0.012208494773009892,43.67316254758984
2025-03-28,-0.0644951610573451,40.791959734142075
2025-03-29,-0.040917162047402145,39.08195134542168
2025-03-30,0.0033003300330032292,39.21423501322835
2025-03-31,-0.0004011553273427504,39.19810285861778
2025-04-01,0.018540813869492023,39.94340840162611
2025-04-02,-0.07391646966115062,36.917016196683214
2025-04-03,-0.003233492171545227,36.79441182164288
2025-04-04,0.04780604404985489,38.6012131380267
2025-04-05,-0.020123839009287936,37.80428470026455
2025-04-06,-0.11773509603392363,33.23565851455119
2025-04-07,0.0074451041372161075,33.49054655739819
2025-04-08,-0.012909260991580962,33.045299090146464
2025-04-09,0.128885519332828,37.433245144221445
2025-04-10,-0.05171255876427139,35.44576369619924
2025-04-11,0.07268059490084999,38.094663483254806
2025-04-12,0.09234959148304056,41.70503968510033
2025-04-13,-0.026140828044726616,40.588694586048895
2025-04-14,0.0034134988363072605,40.73065754662191
2025-04-15,-0.02512757074377614,39.68206749693488
2025-04-16,0.04219208501863747,41.398528747499505
2025-04-17,0.023361996803896057,42.38904304058848
2025-04-18,-0.002974419988102106,42.259985803703934
2025-04-19,0.04310859188544147,44.124862876685796
2025-04-20,-0.014586014586014717,43.46667096857454
2025-04-21,-0.008634450732839971,43.08272568884298
2025-04-22,0.0886335358266852,46.98993353552298
2025-04-23,0.015395993007933262,47.72878621668708
2025-04-24,0.007614381248758573,48.099825772730185
2025-04-25,-0.010711000131423232,47.57391753242561
2025-04-26,-0.007904350714048491,47.18997225269405
2025-04-27,-0.007967327262988877,46.80602697296248
2025-04-28,-0.0019572113113315304,46.712460476221175
2025-04-29,-0.009602380308358027,46.254307285280994
2025-04-30,0.0073057490099686095,46.599535393947185
2025-05-01,0.020538195621229605,47.577143963347716
2025-05-02,-0.01680393198724761,46.76085694005288
2025-05-03,-0.007430926163615403,46.40594953862035
2025-05-04,-0.021370720751378358,45.39285022907656
2025-05-05,0.01891647541553665,46.27043943989156
2025-05-06,0.003617500511910565,46.44144027876361
2025-05-07,0.0004760609357998824,46.46402529521841
2025-05-08,0.11773502821018278,52.05220365231978
2025-05-09,0.049686796813233514,54.68819771568688
2025-05-10,0.029026651216686128,56.30463960766598
2025-05-11,-0.025392714374190772,54.84951926179258
2025-05-12,0.006932409012131879,55.23669097244626
2025-05-13,0.05352839931153164,58.246951022778575
2025-05-14,-0.03915482219680877,55.927147189778644
2025-05-15,-0.04126048515075942,53.578305478479685
2025-05-16,-0.010995507212106848,52.97818932696649
2025-05-17,-0.00878661087866106,52.503903981415746
2025-05-18,0.04589036965567139,54.959217913144464
2025-05-19,-0.03851476014760147,52.80396205717234
2025-05-20,0.011333653154233625,53.413757501451876
2025-05-21,0.031663207826860384,55.13667161386073
2025-05-22,0.033162825449738476,56.99832225592048
2025-05-23,-0.028204272363150817,55.362521778408706
2025-05-24,0.007327265441639419,55.77550493643929
2025-05-25,-0.0011933852361198927,55.70774988707489
2025-05-26,-0.0055188893946290785,55.39478608762983
2025-05-27,0.011213456147376899,56.02716654836417
2025-05-28,-0.024893917963224932,54.60753694263403
2025-05-29,-0.03498694516971279,52.66199909659931
2025-05-30,-0.06204906204906202,49.33232238497771
2025-05-31,0.003974358974359049,49.532361102148776
2025-06-01,0.006959519856978735,49.8840420726592
2025-06-02,-0.004184896328704557,49.67109763179968
2025-06-03,-0.01095192613817253,49.11615151319608
2025-06-04,-0.01223202214639807,48.50312963799443
2025-06-05,-0.05807208498989769,45.62837968639089
2025-06-06,0.022626626072515865,46.68342259792215
2025-06-07,0.01454766898978277,47.377105246176654
2025-06-08,0.017073496065092675,48.203071562237824
2025-06-09,0.05567213114754099,50.94231141511257
2025-06-10,0.024411454127585497,52.21029876750335
2025-06-11,-0.023344651952461715,50.96812286248949
2025-06-12,-0.05239957782330662,48.24501516422531
2025-06-13,-0.026731311013562076,46.92863134800282
2025-06-14,-0.025378660383709284,45.712266890365854
2025-06-15,0.05518718054979965,48.2901851971349
2025-06-16,-0.014989854028932492,47.5513325159708
2025-06-17,-0.017278043593833003,46.712460476221175
2025-06-18,-0.01102245063565055,46.1865522359166
2025-06-19,0.005538461538461492,46.44789314060783
2025-06-20,-0.04671562627498982,44.23133509711554
2025-06-21,-0.03381125615236469,42.702006840033526
2025-06-22,-0.028719084533037953,41.4469252113312
2025-06-23,0.09835816357555482,45.621926824546655
2025-06-24,0.008858131487889276,46.03490998257724
2025-06-25,-0.016188777610097516,45.273472284958345
2025-06-26,-0.03144610235671452,43.818351939084955
2025-06-27,0.023684399971204417,44.879847712460446
2025-06-28,0.06054852320675108,47.657804736400564
